ticket_id,subject,body,category,created_at,customer_email,response
1247,SHIPPING COST SEEMS WAY HIGHER THAN QUOTED AT CHECKOUT,"<p>SHIPPING COST SEEMS WAY HIGHER THAN QUOTED AT CHECKOUT.  </p><br><br>Thanks,<br>Maria Garcia<br>Sent from my iPhone",shipping,2026-08-18,user1247@example.com,That was a checkout bug applying international rates to a domestic order. We've refunded the difference in shipping cost.
1163,"Export to CSV is broken, the file downloads empty","<p>Export&nbsp;to CSV is broken, the file downloads empty.

Sent <strong>from</strong> my iPhone</p><br><br>Sent from Yahoo Mail on Android",bug,2026-06-07,user1163@example.com,A recent change broke CSV export for accounts with more than 10k rows. That's fixed now; exports should include all rows again.
1116,Refund request: order was never delivered,"<p>Refund request: order was never delivered.

Sent from my iPhone</p>",refund,2026-04-11,user1116@example.com,"Since the order never arrived, we've issued a full refund rather than a replacement, per your preference."
1009,WHY IS MY CARD BEING CHARGED $9 WHEN MY PLAN IS ONLY $9?,"<p>WHY IS <strong>MY</strong> CARD BEING CHARGED $9 WHEN MY PLAN IS ONLY $9?</p> <a href=""https://help.acme.com/tickets/4899"">more details here</a><br><br>Sent from Yahoo Mail on Android",billing,2026-08-08,user1009@example.com,"The extra amount was a one-time prorated charge from your mid-cycle plan change. We've emailed an itemized receipt, and future invoices will show $9 as expected."
1271,Card issue,"<p>My card 4111 1111 1111 1111 was charged twice, call me at 555-123-4567.</p><br>--<br>Jamie Rivera<br><a href=""mailto:jamie.rivera@personalmail.com"">jamie.rivera@personalmail.com</a>",billing,2026-05-03,realcard@example.com,
1203,ANY PLAN TO SUPPORT SINGLE SIGN-ON FOR TEAM ACCOUNTS?!!!,<p>ANY PLAN TO SUPPORT SINGLE SIGN-ON FOR TEAM ACCOUNTS?!!!</p>,feature_request,2026-03-04,user1203@example.com,SSO for Team accounts is on our roadmap for a future release; we've added you to the notification list for when it ships.
1102,I was told I'd get a refund two weeks ago and still nothing,"<p>I was told I&#39;d get a refund two weeks ago and still nothing.   thanks</p><br><br>Best regards,<br>Taylor Brooks",refund,2026-08-07,user1102@example.com,We found the refund was stuck in a failed retry on our payment processor's side. It's been resubmitted and should post within 3 business days — sorry for the delay.
1233,"My order for Team hardware hasn't arrived, tracking hasn't u","<p>My order for Team hardware hasn&#39;t arrived, tracking hasn&#39;t updated in 5 days.!!!</p><br><br>Thanks,<br>Alex Chen<br>Sent from my iPhone",shipping,2026-04-02,user1233@example.com,The carrier lost tracking updates in transit; we've confirmed the package is moving again and it's now scheduled to arrive within 2 days.
1146,The dashboard crashes every time I click on the Team report,<p>The dashboard crashes every time I click on the Team report.   thanks</p>,bug,2026-05-03,user1146@example.com,This was a null-pointer bug triggered specifically by Team-tier report data. We've shipped a fix — please refresh and try again.
1166,"Export to CSV is broken, the file downloads empty","<p>Export to CSV is broken, the file <strong>downloads</strong> empty.  </p><blockquote class=""gmail_quote"">On 2026-04-27, Omar Haddad wrote:<br>Wrong item was shipped, I ordered the Basic kit not the basic one.</blockquote>",bug,2026-01-03,user1166@example.com,A recent change broke CSV export for accounts with more than 10k rows. That's fixed now; exports should include all rows again.
1041,"I was charged twice for my Team subscription this month, can","<p>I&nbsp;was charged twice for my Team subscription this month, can you refund one????</p>",billing,2026-08-09,user1041@example.com,We've refunded the duplicate charge on your Team subscription — it should show back on your card within 5-7 business days.
1082,"I CAN'T LOG IN, IT KEEPS SAYING MY PASSWORD IS INCORRECT EVE","<p>I CAN&#39;T LOG IN, IT KEEPS SAYING MY PASSWORD IS INCORRECT EVEN AFTER RESET.???</p><br><br>Thanks,<br>Jordan Smith<br>Sent from my iPhone",login,2026-08-02,user1082@example.com,"We've manually reset your password and sent a new reset link — the old link had expired, which is why the reset wasn't taking effect."
1107,REFUND REQUEST: ORDER WAS NEVER DELIVERED,"<p>REFUND REQUEST: ORDER WAS NEVER <strong>DELIVERED.

Sent</strong> from my iPhone",refund,2026-06-23,user1107@example.com,"Since the order never arrived, we've issued a full refund rather than a replacement, per your preference."
1269,SHIPPING COST SEEMS WAY HIGHER THAN QUOTED AT CHECKOUT,<p>SHIPPING COST SEEMS <strong>WAY</strong> HIGHER THAN QUOTED AT CHECKOUT.   thanks</p>,shipping,2026-03-25,user1269@example.com,That was a checkout bug applying international rates to a domestic order. We've refunded the difference in shipping cost.
1234,Shipping cost seems way higher than quoted at checkout,"<p>Shipping cost seems way higher than quoted at checkout.

Sent from my iPhone</p> <a href=""https://help.acme.com/tickets/5520"">more details here</a>",shipping,2026-01-24,user1234@example.com,That was a checkout bug applying international rates to a domestic order. We've refunded the difference in shipping cost.
1033,MY INVOICE SHOWS A CHARGE FOR STARTER BUT I CANCELLED LAST W,"<p>MY INVOICE SHOWS A CHARGE FOR STARTER BUT I CANCELLED LAST WEEK.!!!</p><br>--<br>Nina Fischer<br>Account Manager, Acme Corp<br><a href=""mailto:user1033@example.com"">user1033@example.com</a>",billing,2026-05-18,user1033@example.com,"Your Starter cancellation had already gone through, but the invoice was generated just before it processed. We've voided that charge and confirmed the subscription is cancelled."
1103,"Pls process a refund, I cancelled within the trial period","<p>Pls process <strong>a</strong> refund, I cancelled within the trial period.!!!</p><blockquote class=""gmail_quote"">On 2026-01-18, Jordan Smith wrote:<br>Getting a 500 error when I try to upload a file larger than 10MB.</blockquote>",refund,2026-08-16,user1103@example.com,"Confirmed you cancelled inside the trial window, so this is a full refund. It's been processed and should post within a few business days."
1212,Could you add dark mode to the Team dashboard?!!!,<p>Could you add dark mode to the Team dashboard?!!!,feature_request,2026-01-21,user1212@example.com,"Thanks for the suggestion — dark mode isn't available yet, but it's on our roadmap and we've logged your account as interested."
1046,Two factor authentication code never arrives on my phone,"<p>Two factor authentication code never arrives on my phone.!!! <a href=""https://help.acme.com/tickets/4912"">more details here</a>",login,2026-08-23,user1046@example.com,"Your account's SMS provider was flagging our messages as spam. We've switched your account to authenticator-app based 2FA, which doesn't rely on SMS."
1174,THE SEARCH BAR RETURNS NO RESULTS EVEN FOR TERMS I KNOW EXIS,"<p>THE SEARCH BAR RETURNS NO RESULTS EVEN FOR TERMS I KNOW EXIST. <strong></strong>  thanks<br><br>Thanks,<br>Priya Patel<br>Sent from my iPhone",bug,2026-02-10,user1174@example.com,Our search index had fallen out of sync. We've rebuilt it and confirmed your query now returns the expected results.
1153,THE SEARCH BAR RETURNS NO RESULTS EVEN FOR TERMS I KNOW EXIS,"<p>THE SEARCH BAR RETURNS NO RESULTS EVEN FOR TERMS I KNOW EXIST.   thanks</p><blockquote class=""gmail_quote"">On 2026-06-17, Grace Kim wrote:<br>Package arrived damaged, need a replacement.</blockquote>",bug,2026-03-12,user1153@example.com,Our search index had fallen out of sync. We've rebuilt it and confirmed your query now returns the expected results.
1251,Can I change my shipping address after the order was placed?,"<p>Can I change my shipping address after the order was placed?</p><br><br>Thanks,<br>Grace Kim<br>Sent from my iPhone",shipping,2026-04-09,user1251@example.com,"Your order hadn't shipped yet, so we've updated the address on file — the confirmation email now reflects the new address."
1228,Shipping cost seems way higher than quoted at checkout,<p>Shipping cost seems way higher than quoted at checkout.???</p>,shipping,2026-02-14,user1228@example.com,That was a checkout bug applying international rates to a domestic order. We've refunded the difference in shipping cost.
1105,How long does a refund for Team usually take to show up?!!!,<p>How long does a refund for Team <strong>usually</strong> take to show up?!!!</p>,refund,2026-08-09,user1105@example.com,"Refunds for Team typically post back to your card within 5-7 business days, depending on your bank."
,No id ticket,<p>This ticket has no id.</p>,bug,2026-05-02,broken2@example.com,
1110,I was told I'd get a refund two weeks ago and still nothing,<style>.x{color:red}</style><p>I was told I&#39;d get a refund two weeks ago and still nothing.  </p>,refund,2026-01-24,user1110@example.com,We found the refund was stuck in a failed retry on our payment processor's side. It's been resubmitted and should post within 3 business days — sorry for the delay.
1034,"I WAS CHARGED TWICE FOR MY BASIC SUBSCRIPTION THIS MONTH, CA","<p>I WAS CHARGED TWICE FOR MY BASIC SUBSCRIPTION THIS MONTH, CAN YOU REFUND ONE?!!!</p><blockquote class=""gmail_quote"">On 2026-06-16, Grace Kim wrote:<br>I'm stuck on the login page, it just spins and never loads.</blockquote>",billing,2026-06-12,user1034@example.com,We've refunded the duplicate charge on your Basic subscription — it should show back on your card within 5-7 business days.
1000,"I WAS CHARGED TWICE FOR MY STARTER SUBSCRIPTION THIS MONTH,","<p>I&nbsp;WAS CHARGED TWICE FOR MY STARTER SUBSCRIPTION <strong>THIS</strong> MONTH, CAN YOU REFUND ONE????</p> <a href=""https://help.acme.com/tickets/4811"">more details here</a><blockquote class=""gmail_quote"">On 2026-05-26, Alex Chen wrote:<br>Forgot password email never shows up in my inbox.</blockquote>",billing,2026-07-11,user1000@example.com,We've refunded the duplicate charge on your Starter subscription — it should show back on your card within 5-7 business days.
1222,"It would help a lot if we could export reports to Excel, not","<p>It would help a lot if we could export reports to Excel, not just CSV.???</p><blockquote class=""gmail_quote"">On 2026-05-19, Grace Kim wrote:<br>Wrong item was shipped, I ordered the Starter kit not the basic one.</blockquote>",feature_request,2026-07-12,user1222@example.com,"Noted — Excel export isn't supported today, but we've filed this with product as a frequently requested export format."
1064,"My account got locked after too many login attempts, please","<p>My account got locked <strong>after</strong> too many login attempts, please unlock it.

Sent from my iPhone</p><br><br>Best regards,<br>Taylor Brooks<blockquote class=""gmail_quote"">On 2026-06-06, Taylor Brooks wrote:<br>It would help a lot if we could export reports to Excel, not just CSV.</blockquote>",login,2026-02-02,user1064@example.com,Your account is unlocked now. It locks automatically after 5 failed attempts within 10 minutes as a security measure.
1258,"Package arrived damaged, need a replacement","<p>Package arrived damaged, need a replacement.  </p> <a href=""https://help.acme.com/tickets/1646"">more details here</a><br><br>Sent from Yahoo Mail on Android",shipping,2026-03-18,user1258@example.com,"Sorry about that — we've shipped a free replacement with expedited shipping, no need to return the damaged item."
1122,"PLEASE PROCESS A REFUND, I CANCELLED WITHIN THE TRIAL PERIOD","<p>PLEASE PROCESS A REFUND, I CANCELLED WITHIN THE TRIAL PERIOD.!!!</p><br><br>Sent from Yahoo Mail on Android",refund,2026-05-22,user1122@example.com,"Confirmed you cancelled inside the trial window, so this is a full refund. It's been processed and should post within a few business days."
1012,I need a copy of my invoice from last month for Enterprise,"<p>I need <strong>a</strong> copy of my invoice from last month for Enterprise.  <blockquote class=""gmail_quote"">On 2026-01-17, Priya Patel wrote:<br>Any plan to support single sign-on for Basic accounts?</blockquote>",billing,2026-02-22,user1012@example.com,We've emailed a PDF copy of last month's Enterprise invoice to the address on file.
1147,Getting a 500 error when I try to upload a file larger than,"<style>.x{color:red}</style><p>Getting a 500 error when I try to upload a file larger than 10MB.</p><br><br>Best regards,<br>Nina Fischer",bug,2026-03-19,user1147@example.com,We've raised the upload size limit to 50MB and fixed the error handling so it fails gracefully with a clear message if a file is still too large.
1049,"I can't log in, it keeps saying my password is incorrect eve","<p>I&nbsp;can&#39;t log in, it keeps saying my password is incorrect even after reset.</p><br><br>Thanks,<br>Alex Chen<br>Sent from my iPhone",login,2026-03-06,user1049@example.com,"We've manually reset your password and sent a new reset link — the old link had expired, which is why the reset wasn't taking effect."
1121,"I want a refund for Starter, it doesn't do what I need","<style>.x{color:red}</style><p>I want a refund for Starter, it doesn&#39;t do what <strong>I</strong> need.???</p> <a href=""https://help.acme.com/tickets/8916"">more details here</a><blockquote class=""gmail_quote"">On 2026-05-18, Sam Lee wrote:<br>Would love a mobile app version of this tool.</blockquote>",refund,2026-07-26,user1121@example.com,We've processed a full refund for your Starter plan — you should see it back on your original payment method within 5-7 business days.
1031,"I was charged twice for my Basic subscription this month, ca","<p>I was charged twice for my Basic subscription this month, can you refund one?  </p> <a href=""https://help.acme.com/tickets/3683"">more details here</a><blockquote class=""gmail_quote"">On 2026-04-03, Liam O'Connor wrote:<br>Why is my card being charged $199 when my plan is only $199?</blockquote>",billing,2026-02-23,user1031@example.com,We've refunded the duplicate charge on your Basic subscription — it should show back on your card within 5-7 business days.
1160,The search bar returns no results even for terms I know exis,"<p>The search bar returns <strong>no</strong> results even for terms I know exist.!!!</p><br>--<br>Priya Patel<br>Account Manager, Acme Corp<br><a href=""mailto:user1160@example.com"">user1160@example.com</a>",bug,2026-05-28,user1160@example.com,Our search index had fallen out of sync. We've rebuilt it and confirmed your query now returns the expected results.
1224,PLEASE ADD A BULK-DELETE OPTION FOR OLD TICKETS,"<p>PLEASE ADD A BULK-DELETE OPTION FOR OLD TICKETS.<ul><li>would save us a lot of time</li><li>several teammates asked for this too</li></ul><br><br>Cheers,<br>Maria Garcia",feature_request,2026-01-05,user1224@example.com,"We don't have bulk-delete yet, but it's been added to the backlog based on requests like yours."
1076,"I'm stuck on the login page, it just spins and never loads","<p>I&#39;m stuck on the login page, it just spins and never loads.  <strong></strong> thanks</p><br><br>Sent from Yahoo Mail on Android",login,2026-08-15,user1076@example.com,This was a caching issue on our end after a recent deploy. It's fixed — please do a hard refresh (Ctrl/Cmd+Shift+R) and it should load normally.
1262,"Package arrived damaged, need a replacement","<p>Package arrived damaged, need a replacement.!!! <a href=""https://help.acme.com/tickets/5355"">more details here</a>",shipping,2026-04-17,user1262@example.com,"Sorry about that — we've shipped a free replacement with expedited shipping, no need to return the damaged item."
1132,HOW LONG DOES A REFUND FOR TEAM USUALLY TAKE TO SHOW UP????,<p>HOW&nbsp;LONG DOES A REFUND FOR TEAM USUALLY TAKE TO SHOW UP????</p><br><br>Sent from Yahoo Mail on Android,refund,2026-07-18,user1132@example.com,"Refunds for Team typically post back to your card within 5-7 business days, depending on your bank."
1032,Why is my card being charged $29 when my plan is only $9?,"<p>Why is my card being charged $29 when my plan is only <strong>$9?</strong>   thanks</p><blockquote class=""gmail_quote"">On 2026-05-20, Grace Kim wrote:<br>How long does a refund for Pro usually take to show up?</blockquote>",billing,2026-05-11,user1032@example.com,"The extra amount was a one-time prorated charge from your mid-cycle plan change. We've emailed an itemized receipt, and future invoices will show $9 as expected."
1240,Can I change my shipping address after the order was placed?,"<p>Can I change my shipping address after the order was placed?!!!</p><br><br>Thanks,<br>Sam Lee<br>Sent from my iPhone",shipping,2026-07-16,user1240@example.com,"Your order hadn't shipped yet, so we've updated the address on file — the confirmation email now reflects the new address."
1108,"Please process a refund, I cancelled within the trial period","<p>Please process a refund, I cancelled within the trial period.!!!</p><br><br>Thanks,<br>Sam Lee<br>Sent from my iPhone",refund,2026-06-14,user1108@example.com,"Confirmed you cancelled inside the trial window, so this is a full refund. It's been processed and should post within a few business days."
1044,Why is my card being charged $49 when my plan is only $99?,"<p>Why is my card being charged $49 when my plan is only $99?</p><br><br>Cheers,<br>Alex Chen<blockquote class=""gmail_quote"">On 2026-02-21, Jordan Smith wrote:<br>The dashboard crashes every time I click on the Pro report.</blockquote>",billing,2026-05-14,user1044@example.com,"The extra amount was a one-time prorated charge from your mid-cycle plan change. We've emailed an itemized receipt, and future invoices will show $99 as expected."
1148,"EXPORT TO CSV IS BROKEN, THE FILE DOWNLOADS EMPTY","<p>EXPORT TO CSV IS BROKEN, THE FILE DOWNLOADS EMPTY.</p><br><br>Best regards,<br>Nina Fischer<blockquote class=""gmail_quote"">On 2026-03-03, Grace Kim wrote:<br>Refund request: order was never delivered.</blockquote>",bug,2026-03-15,user1148@example.com,A recent change broke CSV export for accounts with more than 10k rows. That's fixed now; exports should include all rows again.
1154,"Export to CSV is broken, the file downloads empty","<p>Export to CSV is broken, the <strong>file</strong> downloads empty.!!!</p><blockquote class=""gmail_quote"">On 2026-02-19, Priya Patel wrote:<br>It would help a lot if we could export reports to Excel, not just CSV.</blockquote>",bug,2026-01-28,user1154@example.com,A recent change broke CSV export for accounts with more than 10k rows. That's fixed now; exports should include all rows again.
1061,Forgot password email never shows up in my inbox,<p>Forgot password email never shows up in my inbox.???</p>,login,2026-06-27,user1061@example.com,Those emails were landing in spam for your provider. We've resent it and added a note to whitelist our support domain going forward.
1272,...,<p>asdkjh   </p>,bug,2026-05-04,garbled@example.com,
1181,Any plan to support single sign-on for Basic accounts?   tha,"<p>Any plan to support single sign-on for Basic accounts?   thanks</p><br>--<br>Omar Haddad<br>Account Manager, Acme Corp<br><a href=""mailto:user1181@example.com"">user1181@example.com</a>",feature_request,2026-01-06,user1181@example.com,SSO for Basic accounts is on our roadmap for a future release; we've added you to the notification list for when it ships.
1109,I was told I'd get a refund two weeks ago and still nothing,"<p>I was told I&#39;d get a refund two weeks ago and still nothing.!!!</p><blockquote class=""gmail_quote"">On 2026-03-06, Taylor Brooks wrote:<br>Would love a mobile app version of this tool.</blockquote>",refund,2026-04-23,user1109@example.com,We found the refund was stuck in a failed retry on our payment processor's side. It's been resubmitted and should post within 3 business days — sorry for the delay.
1198,"ANY PLAN TO SUPPORT SINGLE SIGN-ON FOR STARTER ACCOUNTS?

Se","<p>ANY PLAN TO SUPPORT SINGLE SIGN-ON FOR STARTER ACCOUNTS?

Sent from my iPhone</p>",feature_request,2026-02-14,user1198@example.com,SSO for Starter accounts is on our roadmap for a future release; we've added you to the notification list for when it ships.
1014,WHY IS MY CARD BEING CHARGED $99 WHEN MY PLAN IS ONLY $29?!!,"<p>WHY IS MY CARD BEING <strong>CHARGED</strong> $99 WHEN MY PLAN IS ONLY $29?!!!</p> <a href=""https://help.acme.com/tickets/6718"">more details here</a>",billing,2026-05-20,user1014@example.com,"The extra amount was a one-time prorated charge from your mid-cycle plan change. We've emailed an itemized receipt, and future invoices will show $29 as expected."
1058,Two factor authentication code never arrives on my phone,"<p>Two factor authentication code never <strong>arrives</strong> on my phone.  </p><br><br>Thanks,<br>Liam O'Connor<br>Sent from my iPhone",login,2026-03-05,user1058@example.com,"Your account's SMS provider was flagging our messages as spam. We've switched your account to authenticator-app based 2FA, which doesn't rely on SMS."
1195,Would love a mobile app version of this tool,"<p>Would love a mobile app version of this tool.???</p> <a href=""https://help.acme.com/tickets/2475"">more details here</a><blockquote class=""gmail_quote"">On 2026-05-09, Omar Haddad wrote:<br>My order for Enterprise hardware hasn't arrived, tracking hasn't updated in 5 days.</blockquote>",feature_request,2026-01-28,user1195@example.com,"A mobile app isn't in development yet, but we've logged the interest — the web dashboard is mobile-responsive in the meantime."
1094,Refund request: order was never delivered,"<p>Refund&nbsp;request: <strong>order</strong> was never delivered.

Sent from my iPhone</p>",refund,2026-06-19,user1094@example.com,"Since the order never arrived, we've issued a full refund rather than a replacement, per your preference."
1118,"I want a refund for Pro, it doesn't do what I need","<p>I want a refund for Pro, it doesn&#39;t do what I need.  </p><br>--<br>Liam O'Connor<br>Account Manager, Acme Corp<br><a href=""mailto:user1118@example.com"">user1118@example.com</a>",refund,2026-05-12,user1118@example.com,We've processed a full refund for your Pro plan — you should see it back on your original payment method within 5-7 business days.
1162,THE SEARCH BAR RETURNS NO RESULTS EVEN FOR TERMS I KNOW EXIS,"<p>THE&nbsp;SEARCH BAR RETURNS NO <strong>RESULTS</strong> EVEN FOR TERMS I KNOW EXIST.  </p><br><br>Best regards,<br>Priya Patel",bug,2026-01-03,user1162@example.com,Our search index had fallen out of sync. We've rebuilt it and confirmed your query now returns the expected results.
1155,The dashboard crashes every time I click on the Pro report,"<p>The dashboard crashes every time I click on the Pro report.  </p><br>--<br>Alex Chen<br>Account Manager, Acme Corp<br><a href=""mailto:user1155@example.com"">user1155@example.com</a>",bug,2026-02-19,user1155@example.com,This was a null-pointer bug triggered specifically by Pro-tier report data. We've shipped a fix — please refresh and try again.
1150,Notifications stopped working after the last update,"<p>Notifications stopped working <strong>after</strong> the last update.</p><br><br>Thanks,<br>Sam Lee<br>Sent from my iPhone",bug,2026-02-17,user1150@example.com,The last release accidentally disabled notification delivery for some accounts. We've re-enabled it for yours — you should start receiving them again.
1001,WHY IS MY CARD BEING CHARGED $49 WHEN MY PLAN IS ONLY $99?,"<p>WHY IS MY CARD BEING CHARGED $49 WHEN MY PLAN IS ONLY $99?

Sent from my iPhone</p>",billing,2026-06-19,user1001@example.com,"The extra amount was a one-time prorated charge from your mid-cycle plan change. We've emailed an itemized receipt, and future invoices will show $99 as expected."
1176,The dashboard crashes every time I click on the Starter repo,<p>The dashboard crashes every time I click on <strong>the</strong> Starter report.  </p>,bug,2026-08-10,user1176@example.com,This was a null-pointer bug triggered specifically by Starter-tier report data. We've shipped a fix — please refresh and try again.
1129,"Pls process a refund, I cancelled within the trial period","<p>Pls process a <strong>refund,</strong> I cancelled within the trial period.",refund,2026-07-11,user1129@example.com,"Confirmed you cancelled inside the trial window, so this is a full refund. It's been processed and should post within a few business days."
1194,Would love a mobile app version of this tool,"<p>Would love a mobile app version of this tool.

Sent from my iPhone</p>",feature_request,2026-03-02,user1194@example.com,"A mobile app isn't in development yet, but we've logged the interest — the web dashboard is mobile-responsive in the meantime."
1024,I need a copy of my invoice from last month for Basic,<p>I need a copy of my invoice from last month for Basic.???</p>,billing,2026-08-02,user1024@example.com,We've emailed a PDF copy of last month's Basic invoice to the address on file.
1106,"Please process a refund, I cancelled within the trial period","<p>Please process a refund, <strong>I</strong> cancelled within the trial period.???</p>",refund,2026-07-17,user1106@example.com,"Confirmed you cancelled inside the trial window, so this is a full refund. It's been processed and should post within a few business days."
1035,I NEED A COPY OF MY INVOICE FROM LAST MONTH FOR ENTERPRISE,"<p>I NEED A COPY OF MY INVOICE FROM LAST MONTH FOR ENTERPRISE.

Sent from my iPhone</p><br><br>Sent from Yahoo Mail on Android",billing,2026-05-04,user1035@example.com,We've emailed a PDF copy of last month's Enterprise invoice to the address on file.
1056,Two factor authentication code never arrives on my phone,"<p>Two factor authentication code never arrives on my phone.</p> <a href=""https://help.acme.com/tickets/9807"">more details here</a><br><br>Sent from Yahoo Mail on Android",login,2026-07-19,user1056@example.com,"Your account's SMS provider was flagging our messages as spam. We've switched your account to authenticator-app based 2FA, which doesn't rely on SMS."
1038,I need a copy of my invoice from last month for Enterprise,<p>I need a copy of my invoice from last month for Enterprise.!!!,billing,2026-01-14,user1038@example.com,We've emailed a PDF copy of last month's Enterprise invoice to the address on file.
1079,"I CAN'T LOG IN, IT KEEPS SAYING MY PASSWORD IS INCORRECT EVE","<p>I CAN&#39;T LOG IN, IT KEEPS SAYING MY PASSWORD IS INCORRECT EVEN AFTER RESET.   thanks</p><blockquote class=""gmail_quote"">On 2026-07-04, Sam Lee wrote:<br>Two factor authentication code never arrives on my phone.</blockquote>",login,2026-04-14,user1079@example.com,"We've manually reset your password and sent a new reset link — the old link had expired, which is why the reset wasn't taking effect."
1204,Any plan to support single sign-on for Basic accounts?!!!,"<p>Any plan to support <strong>single</strong> sign-on for Basic accounts?!!!</p> <a href=""https://help.acme.com/tickets/7762"">more details here</a>",feature_request,2026-06-23,user1204@example.com,SSO for Basic accounts is on our roadmap for a future release; we've added you to the notification list for when it ships.
1075,Two factor authentication code never arrives on my phone,<p>Two factor authentication code <strong>never</strong> arrives on my phone.!!!</p>,login,2026-03-24,user1075@example.com,"Your account's SMS provider was flagging our messages as spam. We've switched your account to authenticator-app based 2FA, which doesn't rely on SMS."
1229,"Package arrived damaged, need a replacement","<p>Package&nbsp;arrived damaged, need a replacement.!!!",shipping,2026-04-23,user1229@example.com,"Sorry about that — we've shipped a free replacement with expedited shipping, no need to return the damaged item."
1207,WOULD LOVE A MOBILE APP VERSION OF THIS TOOL,<p>WOULD LOVE A MOBILE APP VERSION OF THIS TOOL.???</p>,feature_request,2026-07-13,user1207@example.com,"A mobile app isn't in development yet, but we've logged the interest — the web dashboard is mobile-responsive in the meantime."
1081,"My account got locked after too many login attempts, please","<style>.x{color:red}</style><p>My account got locked after too many login attempts, please unlock it.!!!</p>",login,2026-06-08,user1081@example.com,Your account is unlocked now. It locks automatically after 5 failed attempts within 10 minutes as a security measure.
1023,I need a copy of my invoice from last month for Team,"<p>I need a copy of my invoice from last month for Team.???</p><blockquote class=""gmail_quote"">On 2026-01-02, Maria Garcia wrote:<br>My account got locked after too many login attempts, please unlock it.</blockquote>",billing,2026-02-15,user1023@example.com,We've emailed a PDF copy of last month's Team invoice to the address on file.
1131,"Please process a refund, I cancelled within the trial period","<p>Please&nbsp;process a refund, I cancelled <strong>within</strong> the trial period.</p><br><br>Sent from Yahoo Mail on Android",refund,2026-02-27,user1131@example.com,"Confirmed you cancelled inside the trial window, so this is a full refund. It's been processed and should post within a few business days."
1068,"I can't log in, it keeps saying my password is incorrect eve","<p>I&nbsp;can&#39;t log in, it keeps saying my password is incorrect even after reset.

Sent <strong>from</strong> my iPhone</p><br><br>Cheers,<br>Taylor Brooks",login,2026-03-08,user1068@example.com,"We've manually reset your password and sent a new reset link — the old link had expired, which is why the reset wasn't taking effect."
1127,I WAS TOLD I'D GET A REFUND TWO WEEKS AGO AND STILL NOTHING,"<p>I WAS TOLD I&#39;D GET A REFUND TWO WEEKS AGO AND STILL NOTHING.???</p> <a href=""https://help.acme.com/tickets/1085"">more details here</a>",refund,2026-02-06,user1127@example.com,We found the refund was stuck in a failed retry on our payment processor's side. It's been resubmitted and should post within 3 business days — sorry for the delay.
1008,I need a copy of my invoice from last month for Basic,"<p>I need a copy of my invoice from last month for Basic.  </p><br>--<br>Grace Kim<br>Account Manager, Acme Corp<br><a href=""mailto:user1008@example.com"">user1008@example.com</a>",billing,2026-04-03,user1008@example.com,We've emailed a PDF copy of last month's Basic invoice to the address on file.
1199,"IT WOULD HELP A LOT IF WE COULD EXPORT REPORTS TO EXCEL, NOT","<p>IT WOULD HELP A <strong>LOT</strong> IF WE COULD EXPORT REPORTS TO EXCEL, NOT JUST CSV.!!!</p><br><br>Sent from Yahoo Mail on Android",feature_request,2026-04-18,user1199@example.com,"Noted — Excel export isn't supported today, but we've filed this with product as a frequently requested export format."
1020,The discount code I used didn't apply to my Team order,"<p>The discount code I used didn&#39;t apply to my Team order.

Sent from my iPhone</p> <a href=""https://help.acme.com/tickets/8119"">more details here</a><br>--<br>Jordan Smith<br>Account Manager, Acme Corp<br><a href=""mailto:user1020@example.com"">user1020@example.com</a>",billing,2026-04-09,user1020@example.com,That code had expired before checkout. We've manually applied the discount to your Team order and refunded the difference.
1182,"IT WOULD HELP A LOT IF WE COULD EXPORT REPORTS TO EXCEL, NOT","<p>IT WOULD HELP A LOT IF WE COULD EXPORT REPORTS TO EXCEL, NOT JUST CSV.

Sent <strong>from</strong> my iPhone</p>",feature_request,2026-08-19,user1182@example.com,"Noted — Excel export isn't supported today, but we've filed this with product as a frequently requested export format."
1161,The dashboard crashes every time I click on the Starter repo,"<style>.x{color:red}</style><p>The dashboard crashes every time I click on the Starter report.</p> <a href=""https://help.acme.com/tickets/5066"">more details here</a>",bug,2026-03-01,user1161@example.com,This was a null-pointer bug triggered specifically by Starter-tier report data. We've shipped a fix — please refresh and try again.
1018,The discount code I used didn't apply to my Team order,<p>The&nbsp;discount code I used didn&#39;t apply to my Team order.  </p><br><br>Sent from Yahoo Mail on Android,billing,2026-05-06,user1018@example.com,That code had expired before checkout. We've manually applied the discount to your Team order and refunded the difference.
1055,"I'M STUCK ON THE LOGIN PAGE, IT JUST SPINS AND NEVER LOADS","<p>I&#39;M STUCK ON THE LOGIN PAGE, IT JUST SPINS AND NEVER LOADS.???</p><br><br>Thanks,<br>Sam Lee<br>Sent from my iPhone",login,2026-06-20,user1055@example.com,This was a caching issue on our end after a recent deploy. It's fixed — please do a hard refresh (Ctrl/Cmd+Shift+R) and it should load normally.
1091,I WAS TOLD I'D GET A REFUND TWO WEEKS AGO AND STILL NOTHING,"<p>I WAS TOLD I&#39;D GET A REFUND TWO WEEKS AGO AND STILL NOTHING.

Sent from my iPhone</p> <a href=""https://help.acme.com/tickets/3762"">more details here</a>",refund,2026-06-27,user1091@example.com,We found the refund was stuck in a failed retry on our payment processor's side. It's been resubmitted and should post within 3 business days — sorry for the delay.
1067,"I can't log in, it keeps saying my password is incorrect eve","<p>I&nbsp;can&#39;t log in, it keeps saying my <strong>password</strong> is incorrect even after reset.???</p>",login,2026-02-14,user1067@example.com,"We've manually reset your password and sent a new reset link — the old link had expired, which is why the reset wasn't taking effect."
1138,THE SEARCH BAR RETURNS NO RESULTS EVEN FOR TERMS I KNOW EXIS,"<p>THE SEARCH BAR RETURNS NO RESULTS EVEN FOR TERMS I KNOW EXIST. <strong></strong>  thanks</p><blockquote class=""gmail_quote"">On 2026-02-06, Taylor Brooks wrote:<br>My account got locked after too many login attempts, please unlock it.</blockquote>",bug,2026-07-20,user1138@example.com,Our search index had fallen out of sync. We've rebuilt it and confirmed your query now returns the expected results.
1104,"Please process a refund, I cancelled within the trial period","<p>Please process a refund, I cancelled within <strong>the</strong> trial period.</p>",refund,2026-01-27,user1104@example.com,"Confirmed you cancelled inside the trial window, so this is a full refund. It's been processed and should post within a few business days."
1190,"It would help a lot if we could export reports to Excel, not","<p>It would help a lot if we could export reports to Excel, not just CSV.   thanks</p><ul><li>would save us a lot of time</li><li>several teammates asked for this too</li></ul> <a href=""https://help.acme.com/tickets/7112"">more details here</a>",feature_request,2026-01-22,user1190@example.com,"Noted — Excel export isn't supported today, but we've filed this with product as a frequently requested export format."
1250,Shipping cost seems way higher than quoted at checkout,"<p>Shipping cost seems way higher than quoted at checkout.   thanks<br><br>Thanks,<br>Sam Lee<br>Sent from my iPhone",shipping,2026-08-25,user1250@example.com,That was a checkout bug applying international rates to a domestic order. We've refunded the difference in shipping cost.
1243,"PACKAGE ARRIVED DAMAGED, NEED A REPLACEMENT","<p>PACKAGE&nbsp;ARRIVED DAMAGED, NEED A REPLACEMENT.???</p><br><br>Cheers,<br>Jordan Smith",shipping,2026-05-18,user1243@example.com,"Sorry about that — we've shipped a free replacement with expedited shipping, no need to return the damaged item."
1141,The search bar returns no results even for terms I know exis,"<p>The search bar returns no results even for terms I know exist.

Sent from my iPhone</p><br><br>Sent from Yahoo Mail on Android",bug,2026-04-10,user1141@example.com,Our search index had fallen out of sync. We've rebuilt it and confirmed your query now returns the expected results.
1255,Can I change my shipping address after the order was placed?,"<p>Can I change my shipping address after the order was placed?!!!</p><br><br>Best regards,<br>Maria Garcia",shipping,2026-08-21,user1255@example.com,"Your order hadn't shipped yet, so we've updated the address on file — the confirmation email now reflects the new address."
1260,Shipping cost seems way higher than quoted at checkout,<p>Shipping cost seems way higher than quoted <strong>at</strong> checkout.!!!</p>,shipping,2026-02-02,user1260@example.com,That was a checkout bug applying international rates to a domestic order. We've refunded the difference in shipping cost.
1083,"My account got locked after too many login attempts, please","<p>My account got locked after too many login attempts, please unlock it.

Sent from my iPhone<br><br>Thanks,<br>Grace Kim<br>Sent from my iPhone",login,2026-06-09,user1083@example.com,Your account is unlocked now. It locks automatically after 5 failed attempts within 10 minutes as a security measure.
1026,I need a copy of my invoice from last month for Team,"<p>I need a copy of my invoice from last month for Team.!!!</p> <a href=""https://help.acme.com/tickets/5681"">more details here</a><br>--<br>Omar Haddad<br>Account Manager, Acme Corp<br><a href=""mailto:user1026@example.com"">user1026@example.com</a>",billing,2026-04-13,user1026@example.com,We've emailed a PDF copy of last month's Team invoice to the address on file.
1016,I need a copy of my invoice from last month for Enterprise,<p>I&nbsp;need a copy of my invoice from last month for Enterprise.<br><br>Sent from Yahoo Mail on Android,billing,2026-02-23,user1016@example.com,We've emailed a PDF copy of last month's Enterprise invoice to the address on file.
1170,Notifications stopped working after the last update,"<style>.x{color:red}</style><p>Notifications stopped <strong>working</strong> after the last update.

Sent from my iPhone</p>",bug,2026-02-12,user1170@example.com,The last release accidentally disabled notification delivery for some accounts. We've re-enabled it for yours — you should start receiving them again.
1261,"PACKAGE ARRIVED DAMAGED, NEED A REPLACEMENT","<style>.x{color:red}</style><p>PACKAGE ARRIVED DAMAGED, NEED A REPLACEMENT.</p>",shipping,2026-02-01,user1261@example.com,"Sorry about that — we've shipped a free replacement with expedited shipping, no need to return the damaged item."
1042,My invoice shows a charge for Basic but I cancelled last wee,"<p>My&nbsp;invoice shows a charge for Basic but I cancelled last week.   thanks</p> <a href=""https://help.acme.com/tickets/7744"">more details here</a>",billing,2026-01-15,user1042@example.com,"Your Basic cancellation had already gone through, but the invoice was generated just before it processed. We've voided that charge and confirmed the subscription is cancelled."
1145,The search bar returns no results even for terms I know exis,<p>The search bar returns no results <strong>even</strong> for terms I know exist.  </p>,bug,2026-01-02,user1145@example.com,Our search index had fallen out of sync. We've rebuilt it and confirmed your query now returns the expected results.
1232,Can I change my shipping address after the order was placed?,"<p>Can&nbsp;I change my shipping address after the order was placed?  </p> <a href=""https://help.acme.com/tickets/3381"">more details here</a><br><br>Cheers,<br>Nina Fischer",shipping,2026-02-20,user1232@example.com,"Your order hadn't shipped yet, so we've updated the address on file — the confirmation email now reflects the new address."
1215,COULD YOU ADD DARK MODE TO THE TEAM DASHBOARD?!!!,<p>COULD&nbsp;YOU ADD DARK MODE TO THE TEAM DASHBOARD?!!!</p>,feature_request,2026-03-04,user1215@example.com,"Thanks for the suggestion — dark mode isn't available yet, but it's on our roadmap and we've logged your account as interested."
1142,The dashboard crashes every time I click on the Team report,"<p>The dashboard crashes every time I click <strong>on</strong> the Team report.</p><br><br>Cheers,<br>Maria Garcia<blockquote class=""gmail_quote"">On 2026-05-20, Grace Kim wrote:<br>Two factor authentication code never arrives on my phone.</blockquote>",bug,2026-05-10,user1142@example.com,This was a null-pointer bug triggered specifically by Team-tier report data. We've shipped a fix — please refresh and try again.
1219,Please add a bulk-delete option for old tickets,"<p>Please&nbsp;add a bulk-delete option for old tickets.

Sent from my iPhone</p><blockquote class=""gmail_quote"">On 2026-01-28, Grace Kim wrote:<br>It would help a lot if we could export reports to Excel, not just CSV.</blockquote>",feature_request,2026-07-25,user1219@example.com,"We don't have bulk-delete yet, but it's been added to the backlog based on requests like yours."
1030,"I WAS CHARGED TWICE FOR MY TEAM SUBSCRIPTION THIS MONTH, CAN","<style>.x{color:red}</style><p>I WAS CHARGED TWICE FOR MY TEAM SUBSCRIPTION THIS MONTH, CAN YOU REFUND ONE?  </p>",billing,2026-03-16,user1030@example.com,We've refunded the duplicate charge on your Team subscription — it should show back on your card within 5-7 business days.
1208,ANY PLAN TO SUPPORT SINGLE SIGN-ON FOR ENTERPRISE ACCOUNTS?!,<p>ANY PLAN TO SUPPORT SINGLE SIGN-ON FOR ENTERPRISE ACCOUNTS?!!!</p>,feature_request,2026-04-10,user1208@example.com,SSO for Enterprise accounts is on our roadmap for a future release; we've added you to the notification list for when it ships.
1029,THE DISCOUNT CODE I USED DIDN'T APPLY TO MY STARTER ORDER,<p>THE DISCOUNT CODE I USED DIDN&#39;T APPLY TO MY STARTER ORDER.</p>,billing,2026-05-27,user1029@example.com,That code had expired before checkout. We've manually applied the discount to your Starter order and refunded the difference.
1217,Could you add dark mode to the Pro dashboard?!!!,"<p>Could&nbsp;you add dark mode to the Pro dashboard?!!!</p><br><br>Cheers,<br>Omar Haddad",feature_request,2026-04-04,user1217@example.com,"Thanks for the suggestion — dark mode isn't available yet, but it's on our roadmap and we've logged your account as interested."
1179,The search bar returns no results even for terms I know exis,<p>The&nbsp;search bar returns no results even for terms I know exist.</p>,bug,2026-08-19,user1179@example.com,Our search index had fallen out of sync. We've rebuilt it and confirmed your query now returns the expected results.
1111,"Please process a refund, I cancelled within the trial period","<p>Please&nbsp;process a refund, I cancelled within the trial period.!!!</p><br><br>Sent from Yahoo Mail on Android",refund,2026-07-12,user1111@example.com,"Confirmed you cancelled inside the trial window, so this is a full refund. It's been processed and should post within a few business days."
1144,Notifications stopped working after the last update,<style>.x{color:red}</style><p>Notifications stopped working after the last update.</p><br><br>Sent from Yahoo Mail on Android,bug,2026-02-24,user1144@example.com,The last release accidentally disabled notification delivery for some accounts. We've re-enabled it for yours — you should start receiving them again.
1086,"I'm stuck on the login page, it just spins and never loads","<p>I&#39;m&nbsp;stuck on the login page, it just spins and never loads.!!!</p><blockquote class=""gmail_quote"">On 2026-01-20, Jordan Smith wrote:<br>My invoice shows a charge for Enterprise but I cancelled last week.</blockquote>",login,2026-06-15,user1086@example.com,This was a caching issue on our end after a recent deploy. It's fixed — please do a hard refresh (Ctrl/Cmd+Shift+R) and it should load normally.
1200,Any plan to support single sign-on for Team accounts?   than,"<p>Any plan to support single sign-on for Team accounts?   thanks</p><ul><li>would save us a lot of time</li><li>several teammates asked for this too</li></ul><blockquote class=""gmail_quote"">On 2026-02-26, Liam O'Connor wrote:<br>The dashboard crashes every time I click on the Basic report.</blockquote>",feature_request,2026-04-21,user1200@example.com,SSO for Team accounts is on our roadmap for a future release; we've added you to the notification list for when it ships.
1048,"I'm stuck on the login page, it just spins and never loads","<style>.x{color:red}</style><p>I&#39;m stuck on the login page, it just spins and never loads.

Sent from my iPhone",login,2026-05-08,user1048@example.com,This was a caching issue on our end after a recent deploy. It's fixed — please do a hard refresh (Ctrl/Cmd+Shift+R) and it should load normally.
1093,"PLEASE PROCESS A REFUND, I CANCELLED WITHIN THE TRIAL PERIOD","<p>PLEASE PROCESS A REFUND, I CANCELLED WITHIN THE TRIAL PERIOD.   thanks</p><br>--<br>Nina Fischer<br>Account Manager, Acme Corp<br><a href=""mailto:user1093@example.com"">user1093@example.com</a>",refund,2026-03-25,user1093@example.com,"Confirmed you cancelled inside the trial window, so this is a full refund. It's been processed and should post within a few business days."
1196,Pls add a bulk-delete option for old tickets,"<p>Pls add a bulk-delete option for old tickets.</p><ul><li>would save us a lot of time</li><li>several teammates asked for this too</li></ul><br><br>Cheers,<br>Alex Chen",feature_request,2026-06-06,user1196@example.com,"We don't have bulk-delete yet, but it's been added to the backlog based on requests like yours."
1173,The dashboard crashes every time I click on the Team report,<p>The dashboard crashes every time <strong>I</strong> click on the Team report.</p>,bug,2026-02-02,user1173@example.com,This was a null-pointer bug triggered specifically by Team-tier report data. We've shipped a fix — please refresh and try again.
1264,Can I change my shipping address after the order was placed?,<p>Can I change my shipping address after the order was placed????</p>,shipping,2026-07-25,user1264@example.com,"Your order hadn't shipped yet, so we've updated the address on file — the confirmation email now reflects the new address."
1156,GETTING A 500 ERROR WHEN I TRY TO UPLOAD A FILE LARGER THAN,"<style>.x{color:red}</style><p>GETTING A 500 ERROR WHEN I TRY TO UPLOAD <strong>A</strong> FILE LARGER THAN 10MB.</p><br><br>Best regards,<br>Nina Fischer",bug,2026-05-24,user1156@example.com,We've raised the upload size limit to 50MB and fixed the error handling so it fails gracefully with a clear message if a file is still too large.
1114,"I want a refund for Starter, it doesn't do what I need","<p>I want a refund for Starter, it doesn&#39;t do what I need.</p><br><br>Best regards,<br>Maria Garcia<blockquote class=""gmail_quote"">On 2026-06-08, Sam Lee wrote:<br>Please process a refund, I cancelled within the trial period.</blockquote>",refund,2026-04-14,user1114@example.com,We've processed a full refund for your Starter plan — you should see it back on your original payment method within 5-7 business days.
1184,Could you add dark mode to the Starter dashboard?,<p>Could you add dark <strong>mode</strong> to the Starter dashboard?</p>,feature_request,2026-05-22,user1184@example.com,"Thanks for the suggestion — dark mode isn't available yet, but it's on our roadmap and we've logged your account as interested."
1019,"I WAS CHARGED TWICE FOR MY TEAM SUBSCRIPTION THIS MONTH, CAN","<p>I WAS CHARGED TWICE FOR MY TEAM SUBSCRIPTION THIS MONTH, CAN YOU REFUND ONE?   thanks<br><br>Thanks,<br>Taylor Brooks<br>Sent from my iPhone",billing,2026-05-12,user1019@example.com,We've refunded the duplicate charge on your Team subscription — it should show back on your card within 5-7 business days.
1214,Any plan to support single sign-on for Team accounts?,"<p>Any plan to support single sign-on for <strong>Team</strong> accounts?</p> <a href=""https://help.acme.com/tickets/9238"">more details here</a><br>--<br>Liam O'Connor<br>Account Manager, Acme Corp<br><a href=""mailto:user1214@example.com"">user1214@example.com</a>",feature_request,2026-07-13,user1214@example.com,SSO for Team accounts is on our roadmap for a future release; we've added you to the notification list for when it ships.
1071,Forgot password email never shows up in my inbox,<p>Forgot password email never shows up in my inbox.???</p><br><br>Sent from Yahoo Mail on Android,login,2026-06-23,user1071@example.com,Those emails were landing in spam for your provider. We've resent it and added a note to whitelist our support domain going forward.
1007,The discount code I used didn't apply to my Starter order,"<p>The discount code I used <strong>didn&#39;t</strong> apply to my Starter order.

Sent from my iPhone</p><br><br>Sent from Yahoo Mail on Android",billing,2026-03-05,user1007@example.com,That code had expired before checkout. We've manually applied the discount to your Starter order and refunded the difference.
1172,THE SEARCH BAR RETURNS NO RESULTS EVEN FOR TERMS I KNOW EXIS,"<p>THE SEARCH BAR RETURNS NO RESULTS EVEN FOR TERMS I KNOW EXIST.</p> <a href=""https://help.acme.com/tickets/2228"">more details here</a>",bug,2026-08-23,user1172@example.com,Our search index had fallen out of sync. We've rebuilt it and confirmed your query now returns the expected results.
1185,WOULD LOVE A MOBILE APP VERSION OF THIS TOOL,"<p>WOULD LOVE A MOBILE APP VERSION OF THIS TOOL.???</p><ul><li>would save us a lot of time</li><li>several teammates asked for this too</li></ul><br>--<br>Taylor Brooks<br>Account Manager, Acme Corp<br><a href=""mailto:user1185@example.com"">user1185@example.com</a>",feature_request,2026-05-21,user1185@example.com,"A mobile app isn't in development yet, but we've logged the interest — the web dashboard is mobile-responsive in the meantime."
1183,Would love a mobile app version of this tool,"<p>Would&nbsp;love a mobile app <strong>version</strong> of this tool.???</p><br><br>Thanks,<br>Priya Patel<br>Sent from my iPhone",feature_request,2026-07-17,user1183@example.com,"A mobile app isn't in development yet, but we've logged the interest — the web dashboard is mobile-responsive in the meantime."
1070,"My account got locked after too many login attempts, please","<p>My&nbsp;account got locked after too many login attempts, please <strong>unlock</strong> it.

Sent from my iPhone</p><br>--<br>Liam O'Connor<br>Account Manager, Acme Corp<br><a href=""mailto:user1070@example.com"">user1070@example.com</a>",login,2026-02-20,user1070@example.com,Your account is unlocked now. It locks automatically after 5 failed attempts within 10 minutes as a security measure.
1151,The dashboard crashes every time I click on the Enterprise r,"<p>The&nbsp;dashboard crashes every time I click on the Enterprise report.   thanks</p><blockquote class=""gmail_quote"">On 2026-01-02, Nina Fischer wrote:<br>Could you add dark mode to the Starter dashboard?</blockquote>",bug,2026-07-14,user1151@example.com,This was a null-pointer bug triggered specifically by Enterprise-tier report data. We've shipped a fix — please refresh and try again.
1060,"I can't log in, it keeps saying my password is incorrect eve","<p>I&nbsp;can&#39;t log in, it keeps saying my password is incorrect even after reset.   thanks</p><br><br>Best regards,<br>Nina Fischer",login,2026-06-13,user1060@example.com,"We've manually reset your password and sent a new reset link — the old link had expired, which is why the reset wasn't taking effect."
1077,"My account got locked after too many login attempts, pls unl","<p>My&nbsp;account got locked after too <strong>many</strong> login attempts, pls unlock it.  </p><br><br>Best regards,<br>Liam O'Connor",login,2026-02-25,user1077@example.com,Your account is unlocked now. It locks automatically after 5 failed attempts within 10 minutes as a security measure.
1206,Would love a mobile app version of this tool,"<p>Would&nbsp;love a mobile app <strong>version</strong> of this tool. <a href=""https://help.acme.com/tickets/3636"">more details here</a>",feature_request,2026-05-07,user1206@example.com,"A mobile app isn't in development yet, but we've logged the interest — the web dashboard is mobile-responsive in the meantime."
1090,Refund request: order was never delivered,"<p>Refund request: <strong>order</strong> was never delivered.!!!</p><br><br>Best regards,<br>Liam O'Connor",refund,2026-04-12,user1090@example.com,"Since the order never arrived, we've issued a full refund rather than a replacement, per your preference."
1254,"Wrong item was shipped, I ordered the Team kit not the basic","<p>Wrong&nbsp;item was shipped, I ordered the Team <strong>kit</strong> not the basic one.</p><br>--<br>Jordan Smith<br>Account Manager, Acme Corp<br><a href=""mailto:user1254@example.com"">user1254@example.com</a>",shipping,2026-04-13,user1254@example.com,We've shipped the correct Team kit with a prepaid return label for the wrong item — no charge for the mix-up.
1263,"My order for Starter hardware hasn't arrived, tracking hasn'","<p>My order for Starter hardware hasn&#39;t arrived, tracking hasn&#39;t updated in 5 days.???</p>",shipping,2026-08-23,user1263@example.com,The carrier lost tracking updates in transit; we've confirmed the package is moving again and it's now scheduled to arrive within 2 days.
1040,MY INVOICE SHOWS A CHARGE FOR ENTERPRISE BUT I CANCELLED LAS,<p>MY INVOICE SHOWS A CHARGE FOR ENTERPRISE BUT I CANCELLED LAST WEEK.!!!</p><br><br>Sent from Yahoo Mail on Android,billing,2026-02-20,user1040@example.com,"Your Enterprise cancellation had already gone through, but the invoice was generated just before it processed. We've voided that charge and confirmed the subscription is cancelled."
1270,Help,,billing,2026-05-01,broken1@example.com,
1125,Refund request: order was never delivered,"<p>Refund request: order was never delivered.???</p> <a href=""https://help.acme.com/tickets/2284"">more details here</a>",refund,2026-02-11,user1125@example.com,"Since the order never arrived, we've issued a full refund rather than a replacement, per your preference."
1085,Forgot password email never shows up in my inbox,<style>.x{color:red}</style><p>Forgot password email never shows up in my inbox.???</p>,login,2026-06-20,user1085@example.com,Those emails were landing in spam for your provider. We've resent it and added a note to whitelist our support domain going forward.
1221,Please add a bulk-delete option for old tickets,<p>Please&nbsp;add a bulk-delete option for old tickets.!!!</p><ul><li>would save us a lot of time</li><li>several teammates asked for this too</li></ul>,feature_request,2026-06-02,user1221@example.com,"We don't have bulk-delete yet, but it's been added to the backlog based on requests like yours."
1135,The search bar returns no results even for terms I know exis,<p>The search bar returns no results even for terms I know exist.  </p>,bug,2026-02-01,user1135@example.com,Our search index had fallen out of sync. We've rebuilt it and confirmed your query now returns the expected results.
1063,"I can't log in, it keeps saying my password is incorrect eve","<p>I can&#39;t log in, it keeps saying my password is incorrect even after reset.  </p> <a href=""https://help.acme.com/tickets/7022"">more details here</a><br>--<br>Jordan Smith<br>Account Manager, Acme Corp<br><a href=""mailto:user1063@example.com"">user1063@example.com</a>",login,2026-01-20,user1063@example.com,"We've manually reset your password and sent a new reset link — the old link had expired, which is why the reset wasn't taking effect."
1010,I NEED A COPY OF MY INVOICE FROM LAST MONTH FOR TEAM,"<p>I NEED A COPY OF MY INVOICE FROM LAST MONTH FOR TEAM.   thanks</p><blockquote class=""gmail_quote"">On 2026-04-18, Omar Haddad wrote:<br>Getting a 500 error when I try to upload a file larger than 10MB.</blockquote>",billing,2026-08-08,user1010@example.com,We've emailed a PDF copy of last month's Team invoice to the address on file.
1245,"My order for Enterprise hardware hasn't arrived, tracking ha","<p>My order for Enterprise hardware hasn&#39;t arrived, tracking hasn&#39;t updated in 5 days.!!!",shipping,2026-05-15,user1245@example.com,The carrier lost tracking updates in transit; we've confirmed the package is moving again and it's now scheduled to arrive within 2 days.
1143,NOTIFICATIONS STOPPED WORKING AFTER THE LAST UPDATE,"<p>NOTIFICATIONS STOPPED WORKING AFTER THE LAST UPDATE.   thanks</p> <a href=""https://help.acme.com/tickets/3174"">more details here</a><br>--<br>Alex Chen<br>Account Manager, Acme Corp<br><a href=""mailto:user1143@example.com"">user1143@example.com</a>",bug,2026-08-05,user1143@example.com,The last release accidentally disabled notification delivery for some accounts. We've re-enabled it for yours — you should start receiving them again.
1117,"I want a refund for Team, it doesn't do what I need","<p>I want a refund for Team, it doesn&#39;t do what I need.</p> <a href=""https://help.acme.com/tickets/2192"">more details here</a><br><br>Cheers,<br>Sam Lee",refund,2026-06-10,user1117@example.com,We've processed a full refund for your Team plan — you should see it back on your original payment method within 5-7 business days.
1128,How long does a refund for Team usually take to show up?,"<p>How long does a refund for Team usually take to show up?</p><blockquote class=""gmail_quote"">On 2026-03-22, Nina Fischer wrote:<br>The search bar returns no results even for terms I know exist.</blockquote>",refund,2026-05-16,user1128@example.com,"Refunds for Team typically post back to your card within 5-7 business days, depending on your bank."
1050,"I can't log in, it keeps saying my password is incorrect eve","<p>I can&#39;t log in, it keeps saying my password is incorrect even <strong>after</strong> reset.!!!</p><br><br>Sent from Yahoo Mail on Android",login,2026-08-12,user1050@example.com,"We've manually reset your password and sent a new reset link — the old link had expired, which is why the reset wasn't taking effect."
1047,"I'm stuck on the login page, it just spins and never loads","<p>I&#39;m stuck on the login page, it just spins and never loads.!!!</p>",login,2026-03-03,user1047@example.com,This was a caching issue on our end after a recent deploy. It's fixed — please do a hard refresh (Ctrl/Cmd+Shift+R) and it should load normally.
1022,I need a copy of my invoice from last month for Enterprise,"<p>I need a copy of my invoice from last month for Enterprise.???</p><br><br>Cheers,<br>Nina Fischer",billing,2026-06-15,user1022@example.com,We've emailed a PDF copy of last month's Enterprise invoice to the address on file.
1265,Can I change my shipping address after the order was placed?,"<p>Can I change my shipping address after the order was placed?!!!</p><br><br>Best regards,<br>Sam Lee",shipping,2026-05-01,user1265@example.com,"Your order hadn't shipped yet, so we've updated the address on file — the confirmation email now reflects the new address."
1253,SHIPPING COST SEEMS WAY HIGHER THAN QUOTED AT CHECKOUT,"<p>SHIPPING COST <strong>SEEMS</strong> WAY HIGHER THAN QUOTED AT CHECKOUT.!!!</p> <a href=""https://help.acme.com/tickets/8183"">more details here</a>",shipping,2026-06-14,user1253@example.com,That was a checkout bug applying international rates to a domestic order. We've refunded the difference in shipping cost.
1267,Can I change my shipping address after the order was placed?,<p>Can I change my shipping address after the order was placed?  </p>,shipping,2026-07-03,user1267@example.com,"Your order hadn't shipped yet, so we've updated the address on file — the confirmation email now reflects the new address."
1080,Forgot password email never shows up in my inbox,"<p>Forgot password email never shows up in my inbox.!!!</p><br><br>Best regards,<br>Alex Chen",login,2026-02-17,user1080@example.com,Those emails were landing in spam for your provider. We've resent it and added a note to whitelist our support domain going forward.
1025,THE DISCOUNT CODE I USED DIDN'T APPLY TO MY PRO ORDER,<p>THE DISCOUNT CODE I USED DIDN&#39;T APPLY TO MY PRO ORDER.!!!</p>,billing,2026-08-06,user1025@example.com,That code had expired before checkout. We've manually applied the discount to your Pro order and refunded the difference.
1130,I was told I'd get a refund two weeks ago and still nothing,"<p>I was told I&#39;d get a refund <strong>two</strong> weeks ago and still nothing.???</p><br><br>Thanks,<br>Liam O'Connor<br>Sent from my iPhone",refund,2026-08-19,user1130@example.com,We found the refund was stuck in a failed retry on our payment processor's side. It's been resubmitted and should post within 3 business days — sorry for the delay.
1256,"Wrong item was shipped, I ordered the Pro kit not the basic","<p>Wrong item was shipped, I ordered the Pro kit not the basic one.</p> <a href=""https://help.acme.com/tickets/5523"">more details here</a>",shipping,2026-08-23,user1256@example.com,We've shipped the correct Pro kit with a prepaid return label for the wrong item — no charge for the mix-up.
1238,"Wrong item was shipped, I ordered the Pro kit not the basic","<p>Wrong&nbsp;item was shipped, I ordered the Pro kit not the basic one.

Sent from my iPhone</p><br><br>Cheers,<br>Priya Patel",shipping,2026-04-16,user1238@example.com,We've shipped the correct Pro kit with a prepaid return label for the wrong item — no charge for the mix-up.
1098,I was told I'd get a refund two weeks ago and still nothing,"<p>I was told I&#39;d get a refund two weeks ago and still nothing.

Sent from my iPhone",refund,2026-08-09,user1098@example.com,We found the refund was stuck in a failed retry on our payment processor's side. It's been resubmitted and should post within 3 business days — sorry for the delay.
1074,"I can't log in, it keeps saying my password is incorrect eve","<p>I can&#39;t log in, it keeps saying my password is incorrect even <strong>after</strong> reset.  </p><br><br>Thanks,<br>Grace Kim<br>Sent from my iPhone",login,2026-04-08,user1074@example.com,"We've manually reset your password and sent a new reset link — the old link had expired, which is why the reset wasn't taking effect."
1191,Could you add dark mode to the Pro dashboard?!!!,"<p>Could&nbsp;you add dark mode to the Pro dashboard?!!!</p><ul><li>would save us a lot of time</li><li>several teammates asked for this too</li></ul><br><br>Cheers,<br>Liam O'Connor",feature_request,2026-03-11,user1191@example.com,"Thanks for the suggestion — dark mode isn't available yet, but it's on our roadmap and we've logged your account as interested."
1027,My invoice shows a charge for Pro but I cancelled last week,"<p>My invoice shows a charge for Pro but <strong>I</strong> cancelled last week.   thanks</p><blockquote class=""gmail_quote"">On 2026-05-25, Nina Fischer wrote:<br>Any plan to support single sign-on for Team accounts?</blockquote>",billing,2026-07-18,user1027@example.com,"Your Pro cancellation had already gone through, but the invoice was generated just before it processed. We've voided that charge and confirmed the subscription is cancelled."
1092,I WAS TOLD I'D GET A REFUND TWO WEEKS AGO AND STILL NOTHING,<p>I WAS TOLD I&#39;D GET A REFUND TWO WEEKS AGO AND STILL NOTHING.!!!</p>,refund,2026-05-16,user1092@example.com,We found the refund was stuck in a failed retry on our payment processor's side. It's been resubmitted and should post within 3 business days — sorry for the delay.
1168,Getting a 500 error when I try to upload a file larger than,"<p>Getting a 500 error when I try to upload a file larger than 10MB.  </p><br><br>Cheers,<br>Nina Fischer",bug,2026-04-22,user1168@example.com,We've raised the upload size limit to 50MB and fixed the error handling so it fails gracefully with a clear message if a file is still too large.
1201,Any plan to support single sign-on for Enterprise accounts?,"<p>Any plan to support single sign-on for Enterprise accounts?

Sent from my iPhone</p><br><br>Best regards,<br>Grace Kim",feature_request,2026-05-18,user1201@example.com,SSO for Enterprise accounts is on our roadmap for a future release; we've added you to the notification list for when it ships.
1180,Would love a mobile app version of this tool,"<p>Would love a mobile <strong>app</strong> version of this tool.!!!</p><ul><li>would save us a lot of time</li><li>several teammates asked for this too</li></ul><br>--<br>Nina Fischer<br>Account Manager, Acme Corp<br><a href=""mailto:user1180@example.com"">user1180@example.com</a><blockquote class=""gmail_quote"">On 2026-04-05, Sam Lee wrote:<br>Refund request: order was never delivered.</blockquote>",feature_request,2026-06-09,user1180@example.com,"A mobile app isn't in development yet, but we've logged the interest — the web dashboard is mobile-responsive in the meantime."
1188,PLEASE ADD A BULK-DELETE OPTION FOR OLD TICKETS,"<p>PLEASE ADD A BULK-DELETE OPTION FOR OLD TICKETS.   thanks <a href=""https://help.acme.com/tickets/1879"">more details here</a>",feature_request,2026-04-17,user1188@example.com,"We don't have bulk-delete yet, but it's been added to the backlog based on requests like yours."
1099,I was told I'd get a refund two weeks ago and still nothing,"<p>I was told I&#39;d get a refund two weeks ago and still nothing.???<br><br>Cheers,<br>Liam O'Connor",refund,2026-06-14,user1099@example.com,We found the refund was stuck in a failed retry on our payment processor's side. It's been resubmitted and should post within 3 business days — sorry for the delay.
1017,My invoice shows a charge for Basic but I cancelled last wee,<p>My invoice shows a charge for Basic but I cancelled last week.  </p>,billing,2026-02-12,user1017@example.com,"Your Basic cancellation had already gone through, but the invoice was generated just before it processed. We've voided that charge and confirmed the subscription is cancelled."
1002,My invoice shows a charge for Starter but I cancelled last w,"<p>My invoice shows a charge for Starter but I cancelled last week.  </p><br>--<br>Priya Patel<br>Account Manager, Acme Corp<br><a href=""mailto:user1002@example.com"">user1002@example.com</a>",billing,2026-02-20,user1002@example.com,"Your Starter cancellation had already gone through, but the invoice was generated just before it processed. We've voided that charge and confirmed the subscription is cancelled."
1252,"My order for Team hardware hasn't arrived, tracking hasn't u","<p>My order for Team hardware hasn&#39;t arrived, tracking hasn&#39;t updated <strong>in</strong> 5 days.???</p>",shipping,2026-08-09,user1252@example.com,The carrier lost tracking updates in transit; we've confirmed the package is moving again and it's now scheduled to arrive within 2 days.
1119,I was told I'd get a refund two weeks ago and still nothing,"<p>I was told I&#39;d get a refund two weeks ago and still nothing.

Sent from my iPhone</p><br><br>Thanks,<br>Maria Garcia<br>Sent from my iPhone<blockquote class=""gmail_quote"">On 2026-03-07, Taylor Brooks wrote:<br>Would love a mobile app version of this tool.</blockquote>",refund,2026-04-16,user1119@example.com,We found the refund was stuck in a failed retry on our payment processor's side. It's been resubmitted and should post within 3 business days — sorry for the delay.
1225,Shipping cost seems way higher than quoted at checkout,"<p>Shipping cost seems way <strong>higher</strong> than quoted at checkout.!!!</p><br><br>Cheers,<br>Jordan Smith",shipping,2026-05-03,user1225@example.com,That was a checkout bug applying international rates to a domestic order. We've refunded the difference in shipping cost.
1273,Ongoing billing issues across multiple cycles,"<p>I've been having an ongoing problem with your billing system for the past three months and I need someone to actually look into this properly instead of giving me a generic response. It started in March when I upgraded from the Starter plan to the Pro plan, and since then I've been charged the wrong amount every single cycle. The first month I was charged for both plans on the same day, which support told me was a proration error and promised to fix. The second month the charge was correct but then three days later there was a second, unexplained charge for a smaller amount that nobody has been able to explain to me. This month, the fourth month in a row with a billing issue, I was charged the full Enterprise rate even though I am still on the Pro plan according to my account settings. I have screenshots of all of this if it helps. At this point I've spent hours on chat with different agents who each ask me to explain the whole history again from scratch, and I would really appreciate it if whoever picks this up could actually read through the account history instead of starting over. I just want my billing to be correct and predictable going forward, and ideally some kind of compensation for the time this has taken.</p>",billing,2026-05-05,longticket@example.com,"We reviewed your full billing history and found a proration bug specific to Starter-to-Pro upgrades that also caused the incorrect Enterprise-rate charge this cycle. All three erroneous charges have been refunded in full, the underlying proration bug is fixed, and we've credited one additional month of Pro service for the time this took to resolve."
1223,Would love a mobile app version of this tool,<p>Would love a mobile app version of this tool.!!!</p>,feature_request,2026-02-17,user1223@example.com,"A mobile app isn't in development yet, but we've logged the interest — the web dashboard is mobile-responsive in the meantime."
1231,"Wrong item was shipped, I ordered the Basic kit not the basi","<p>Wrong item was shipped, I ordered the Basic kit not the basic one.

Sent from my iPhone</p>",shipping,2026-04-17,user1231@example.com,We've shipped the correct Basic kit with a prepaid return label for the wrong item — no charge for the mix-up.
1235,"My order for Starter hardware hasn't arrived, tracking hasn'","<p>My order for Starter hardware hasn&#39;t arrived, tracking hasn&#39;t updated in 5 days.!!!",shipping,2026-03-14,user1235@example.com,The carrier lost tracking updates in transit; we've confirmed the package is moving again and it's now scheduled to arrive within 2 days.
1072,"I CAN'T LOG IN, IT KEEPS SAYING MY PASSWORD IS INCORRECT EVE","<p>I&nbsp;CAN&#39;T LOG IN, IT KEEPS SAYING MY PASSWORD IS INCORRECT EVEN AFTER RESET.   thanks<br><br>Sent from Yahoo Mail on Android",login,2026-06-03,user1072@example.com,"We've manually reset your password and sent a new reset link — the old link had expired, which is why the reset wasn't taking effect."
1015,The discount code I used didn't apply to my Starter order,"<p>The discount code <strong>I</strong> used didn&#39;t apply to my Starter order.  </p> <a href=""https://help.acme.com/tickets/5616"">more details here</a>",billing,2026-05-17,user1015@example.com,That code had expired before checkout. We've manually applied the discount to your Starter order and refunded the difference.
1248,"My order for Starter hardware hasn't arrived, tracking hasn'","<p>My order for Starter hardware hasn&#39;t arrived, tracking hasn&#39;t updated in 5 <strong>days.

Sent</strong> from my iPhone</p><br>--<br>Liam O'Connor<br>Account Manager, Acme Corp<br><a href=""mailto:user1248@example.com"">user1248@example.com</a>",shipping,2026-03-01,user1248@example.com,The carrier lost tracking updates in transit; we've confirmed the package is moving again and it's now scheduled to arrive within 2 days.
1065,Two factor authentication code never arrives on my phone,"<p>Two factor authentication code never arrives on my phone.???</p><blockquote class=""gmail_quote"">On 2026-05-02, Maria Garcia wrote:<br>The dashboard crashes every time I click on the Enterprise report.</blockquote>",login,2026-01-07,user1065@example.com,"Your account's SMS provider was flagging our messages as spam. We've switched your account to authenticator-app based 2FA, which doesn't rely on SMS."
1239,"PACKAGE ARRIVED DAMAGED, NEED A REPLACEMENT","<p>PACKAGE ARRIVED DAMAGED, NEED A REPLACEMENT.  </p> <a href=""https://help.acme.com/tickets/2285"">more details here</a>",shipping,2026-01-28,user1239@example.com,"Sorry about that — we've shipped a free replacement with expedited shipping, no need to return the damaged item."
1134,"I want a refund for Starter, it doesn't do what I need","<p>I want a refund for Starter, it <strong>doesn&#39;t</strong> do what I need.!!!",refund,2026-02-10,user1134@example.com,We've processed a full refund for your Starter plan — you should see it back on your original payment method within 5-7 business days.
1169,Notifications stopped working after the last update,<style>.x{color:red}</style><p>Notifications stopped working after the last update.  </p>,bug,2026-04-21,user1169@example.com,The last release accidentally disabled notification delivery for some accounts. We've re-enabled it for yours — you should start receiving them again.
1149,Getting a 500 error when I try to upload a file larger than,"<p>Getting&nbsp;a 500 error when I try to upload a file larger than 10MB.  </p> <a href=""https://help.acme.com/tickets/7291"">more details here</a><br><br>Sent from Yahoo Mail on Android",bug,2026-02-08,user1149@example.com,We've raised the upload size limit to 50MB and fixed the error handling so it fails gracefully with a clear message if a file is still too large.
1096,HOW LONG DOES A REFUND FOR ENTERPRISE USUALLY TAKE TO SHOW U,"<p>HOW LONG DOES A REFUND FOR ENTERPRISE USUALLY <strong>TAKE</strong> TO SHOW UP?

Sent from my iPhone</p><br><br>Cheers,<br>Grace Kim",refund,2026-07-12,user1096@example.com,"Refunds for Enterprise typically post back to your card within 5-7 business days, depending on your bank."
1004,I need a copy of my invoice from last month for Team,"<p>I need a copy of my invoice from <strong>last</strong> month for Team.!!!<br><br>Thanks,<br>Grace Kim<br>Sent from my iPhone",billing,2026-02-05,user1004@example.com,We've emailed a PDF copy of last month's Team invoice to the address on file.
1171,Getting a 500 error when I try to upload a file larger than,<p>Getting a 500 error when I try to upload a file larger than 10MB.  </p><br><br>Sent from Yahoo Mail on Android,bug,2026-04-06,user1171@example.com,We've raised the upload size limit to 50MB and fixed the error handling so it fails gracefully with a clear message if a file is still too large.
1257,SHIPPING COST SEEMS WAY HIGHER THAN QUOTED AT CHECKOUT,"<p>SHIPPING COST SEEMS WAY HIGHER THAN QUOTED AT CHECKOUT.???</p><br>--<br>Liam O'Connor<br>Account Manager, Acme Corp<br><a href=""mailto:user1257@example.com"">user1257@example.com</a>",shipping,2026-03-16,user1257@example.com,That was a checkout bug applying international rates to a domestic order. We've refunded the difference in shipping cost.
1259,"Wrong item was shipped, I ordered the Enterprise kit not the","<p>Wrong item was shipped, <strong>I</strong> ordered the Enterprise kit not the basic one.!!!</p>",shipping,2026-03-01,user1259@example.com,We've shipped the correct Enterprise kit with a prepaid return label for the wrong item — no charge for the mix-up.
1266,"WRONG ITEM WAS SHIPPED, I ORDERED THE PRO KIT NOT THE BASIC","<p>WRONG ITEM WAS SHIPPED, I ORDERED THE PRO KIT NOT THE BASIC ONE.???</p><blockquote class=""gmail_quote"">On 2026-06-19, Maria Garcia wrote:<br>Getting a 500 error when I try to upload a file larger than 10MB.</blockquote>",shipping,2026-02-19,user1266@example.com,We've shipped the correct Pro kit with a prepaid return label for the wrong item — no charge for the mix-up.
1230,"WRONG ITEM WAS SHIPPED, I ORDERED THE TEAM KIT NOT THE BASIC","<p>WRONG ITEM WAS SHIPPED, I ORDERED THE TEAM KIT NOT THE BASIC ONE.

Sent from my iPhone</p><br><br>Sent from Yahoo Mail on Android",shipping,2026-08-06,user1230@example.com,We've shipped the correct Team kit with a prepaid return label for the wrong item — no charge for the mix-up.
1242,Shipping cost seems way higher than quoted at checkout,<p>Shipping cost seems way higher than quoted at checkout.???</p>,shipping,2026-05-26,user1242@example.com,That was a checkout bug applying international rates to a domestic order. We've refunded the difference in shipping cost.
1123,"I want a refund for Starter, it doesn't do what I need","<p>I&nbsp;want a refund for Starter, it doesn&#39;t do what I need.</p>",refund,2026-01-08,user1123@example.com,We've processed a full refund for your Starter plan — you should see it back on your original payment method within 5-7 business days.
1140,"Export to CSV is broken, the file downloads empty","<style>.x{color:red}</style><p>Export to CSV is broken, the file downloads empty.   thanks</p> <a href=""https://help.acme.com/tickets/1505"">more details here</a>",bug,2026-05-06,user1140@example.com,A recent change broke CSV export for accounts with more than 10k rows. That's fixed now; exports should include all rows again.
1066,"My account got locked after too many login attempts, pls unl","<p>My account got locked after too many login <strong>attempts,</strong> pls unlock it.   thanks</p>",login,2026-01-14,user1066@example.com,Your account is unlocked now. It locks automatically after 5 failed attempts within 10 minutes as a security measure.
1192,Any plan to support single sign-on for Enterprise accounts?,"<p>Any plan to support <strong>single</strong> sign-on for Enterprise accounts?   thanks</p><ul><li>would save us a lot of time</li><li>several teammates asked for this too</li></ul><br><br>Best regards,<br>Alex Chen",feature_request,2026-01-20,user1192@example.com,SSO for Enterprise accounts is on our roadmap for a future release; we've added you to the notification list for when it ships.
1133,"I want a refund for Enterprise, it doesn't do what I need","<p>I&nbsp;want a refund for Enterprise, it doesn&#39;t do what I <strong>need.</strong>  </p>",refund,2026-07-04,user1133@example.com,We've processed a full refund for your Enterprise plan — you should see it back on your original payment method within 5-7 business days.
1139,"EXPORT TO CSV IS BROKEN, THE FILE DOWNLOADS EMPTY","<p>EXPORT TO CSV IS BROKEN, THE FILE DOWNLOADS EMPTY.???</p> <a href=""https://help.acme.com/tickets/6154"">more details here</a>",bug,2026-08-05,user1139@example.com,A recent change broke CSV export for accounts with more than 10k rows. That's fixed now; exports should include all rows again.
1052,Forgot password email never shows up in my inbox,"<p>Forgot password email never shows up in my inbox.  </p> <a href=""https://help.acme.com/tickets/5106"">more details here</a>",login,2026-02-21,user1052@example.com,Those emails were landing in spam for your provider. We've resent it and added a note to whitelist our support domain going forward.
1054,Two factor authentication code never arrives on my phone,<p>Two&nbsp;factor authentication code never arrives on my phone.</p>,login,2026-06-03,user1054@example.com,"Your account's SMS provider was flagging our messages as spam. We've switched your account to authenticator-app based 2FA, which doesn't rely on SMS."
1137,Notifications stopped working after the last update,"<p>Notifications stopped working after the last update.???</p><br><br>Thanks,<br>Priya Patel<br>Sent from my iPhone",bug,2026-06-20,user1137@example.com,The last release accidentally disabled notification delivery for some accounts. We've re-enabled it for yours — you should start receiving them again.
1226,"Package arrived damaged, need a replacement","<p>Package arrived damaged, need a replacement. <strong></strong>  thanks <a href=""https://help.acme.com/tickets/9369"">more details here</a><br>--<br>Liam O'Connor<br>Account Manager, Acme Corp<br><a href=""mailto:user1226@example.com"">user1226@example.com</a>",shipping,2026-07-13,user1226@example.com,"Sorry about that — we've shipped a free replacement with expedited shipping, no need to return the damaged item."
1053,"I can't log in, it keeps saying my password is incorrect eve","<p>I can&#39;t log in, it keeps saying my password is incorrect even after reset.</p>",login,2026-05-27,user1053@example.com,"We've manually reset your password and sent a new reset link — the old link had expired, which is why the reset wasn't taking effect."
1084,"I can't log in, it keeps saying my password is incorrect eve","<p>I can&#39;t log in, it keeps saying my password is incorrect even after reset.   thanks</p>",login,2026-02-14,user1084@example.com,"We've manually reset your password and sent a new reset link — the old link had expired, which is why the reset wasn't taking effect."
1005,My invoice shows a charge for Team but I cancelled last week,"<p>My invoice shows a charge for Team but I cancelled <strong>last</strong> week.   thanks</p> <a href=""https://help.acme.com/tickets/2876"">more details here</a>",billing,2026-02-10,user1005@example.com,"Your Team cancellation had already gone through, but the invoice was generated just before it processed. We've voided that charge and confirmed the subscription is cancelled."
1120,I was told I'd get a refund two weeks ago and still nothing,"<p>I was told I&#39;d get a refund two weeks ago and still nothing.  <strong></strong> thanks</p> <a href=""https://help.acme.com/tickets/9954"">more details here</a><br><br>Cheers,<br>Omar Haddad",refund,2026-02-27,user1120@example.com,We found the refund was stuck in a failed retry on our payment processor's side. It's been resubmitted and should post within 3 business days — sorry for the delay.
1115,Refund request: order was never delivered,<p>Refund&nbsp;request: order was never delivered.  </p>,refund,2026-07-05,user1115@example.com,"Since the order never arrived, we've issued a full refund rather than a replacement, per your preference."
1005,My invoice shows a charge for Team but I cancelled last week,"<p>My invoice shows a charge for Team but I cancelled <strong>last</strong> week.   thanks</p> <a href=""https://help.acme.com/tickets/2876"">more details here</a>",billing,2026-02-10,user1005@example.com,"Your Team cancellation had already gone through, but the invoice was generated just before it processed. We've voided that charge and confirmed the subscription is cancelled."
1227,"Package arrived damaged, need a replacement","<p>Package arrived damaged, need a replacement.??? <a href=""https://help.acme.com/tickets/1639"">more details here</a>",shipping,2026-03-20,user1227@example.com,"Sorry about that — we've shipped a free replacement with expedited shipping, no need to return the damaged item."
1244,Shipping cost seems way higher than quoted at checkout,"<p>Shipping&nbsp;cost seems way higher than quoted at checkout.

Sent from my iPhone</p><br>--<br>Omar Haddad<br>Account Manager, Acme Corp<br><a href=""mailto:user1244@example.com"">user1244@example.com</a>",shipping,2026-01-14,user1244@example.com,That was a checkout bug applying international rates to a domestic order. We've refunded the difference in shipping cost.
1177,The dashboard crashes every time I click on the Team report,<p>The&nbsp;dashboard crashes every time I click on the <strong>Team</strong> report.!!!</p>,bug,2026-07-07,user1177@example.com,This was a null-pointer bug triggered specifically by Team-tier report data. We've shipped a fix — please refresh and try again.
1087,"I can't log in, it keeps saying my password is incorrect eve","<p>I&nbsp;can&#39;t log in, it keeps saying my password is incorrect even after reset.

Sent from my iPhone <a href=""https://help.acme.com/tickets/9482"">more details here</a><br><br>Cheers,<br>Maria Garcia<blockquote class=""gmail_quote"">On 2026-08-07, Priya Patel wrote:<br>How long does a refund for Pro usually take to show up?</blockquote>",login,2026-03-23,user1087@example.com,"We've manually reset your password and sent a new reset link — the old link had expired, which is why the reset wasn't taking effect."
1003,My invoice shows a charge for Basic but I cancelled last wee,"<p>My invoice shows a charge for Basic <strong>but</strong> I cancelled last week.???<br><br>Best regards,<br>Grace Kim",billing,2026-06-07,user1003@example.com,"Your Basic cancellation had already gone through, but the invoice was generated just before it processed. We've voided that charge and confirmed the subscription is cancelled."
1073,"My account got locked after too many login attempts, please","<p>My account got locked after too many login attempts, please unlock it.???</p><br>--<br>Liam O'Connor<br>Account Manager, Acme Corp<br><a href=""mailto:user1073@example.com"">user1073@example.com</a>",login,2026-03-20,user1073@example.com,Your account is unlocked now. It locks automatically after 5 failed attempts within 10 minutes as a security measure.
1237,"Wrong item was shipped, I ordered the Team kit not the basic","<p>Wrong item was shipped, I ordered the Team kit not the basic one.

Sent from my iPhone</p>",shipping,2026-01-23,user1237@example.com,We've shipped the correct Team kit with a prepaid return label for the wrong item — no charge for the mix-up.
1213,Could you add dark mode to the Pro dashboard????,"<p>Could you add dark mode to the Pro dashboard????</p> <a href=""https://help.acme.com/tickets/8523"">more details here</a><blockquote class=""gmail_quote"">On 2026-02-19, Maria Garcia wrote:<br>I was charged twice for my Pro subscription this month, can you refund one?</blockquote>",feature_request,2026-08-21,user1213@example.com,"Thanks for the suggestion — dark mode isn't available yet, but it's on our roadmap and we've logged your account as interested."
1241,Shipping cost seems way higher than quoted at checkout,"<p>Shipping cost seems way higher than quoted at checkout.  </p><blockquote class=""gmail_quote"">On 2026-06-20, Sam Lee wrote:<br>I'm stuck on the login page, it just spins and never loads.</blockquote>",shipping,2026-05-16,user1241@example.com,That was a checkout bug applying international rates to a domestic order. We've refunded the difference in shipping cost.
1158,The search bar returns no results even for terms I know exis,"<p>The&nbsp;search bar returns no results even for terms I know exist.   thanks</p><br><br>Thanks,<br>Alex Chen<br>Sent from my iPhone",bug,2026-06-15,user1158@example.com,Our search index had fallen out of sync. We've rebuilt it and confirmed your query now returns the expected results.
1062,"I'm stuck on the login page, it just spins and never loads","<p>I&#39;m stuck on the login page, it just spins and never loads.

Sent from my iPhone</p><br><br>Best regards,<br>Taylor Brooks<blockquote class=""gmail_quote"">On 2026-06-22, Priya Patel wrote:<br>Why is my card being charged $9 when my plan is only $29?</blockquote>",login,2026-07-28,user1062@example.com,This was a caching issue on our end after a recent deploy. It's fixed — please do a hard refresh (Ctrl/Cmd+Shift+R) and it should load normally.
1013,MY INVOICE SHOWS A CHARGE FOR TEAM BUT I CANCELLED LAST WEEK,<p>MY INVOICE SHOWS A CHARGE FOR TEAM BUT I CANCELLED LAST WEEK.!!!</p>,billing,2026-07-05,user1013@example.com,"Your Team cancellation had already gone through, but the invoice was generated just before it processed. We've voided that charge and confirmed the subscription is cancelled."
1189,Could you add dark mode to the Team dashboard?,"<style>.x{color:red}</style><p>Could you add dark mode to the Team dashboard?  </p><blockquote class=""gmail_quote"">On 2026-03-11, Alex Chen wrote:<br>Package arrived damaged, need a replacement.</blockquote>",feature_request,2026-03-19,user1189@example.com,"Thanks for the suggestion — dark mode isn't available yet, but it's on our roadmap and we've logged your account as interested."
1028,THE DISCOUNT CODE I USED DIDN'T APPLY TO MY BASIC ORDER,<p>THE DISCOUNT CODE I USED DIDN&#39;T APPLY TO MY BASIC ORDER.</p><br><br>Sent from Yahoo Mail on Android,billing,2026-07-19,user1028@example.com,That code had expired before checkout. We've manually applied the discount to your Basic order and refunded the difference.
1021,"I was charged twice for my Team subscription this month, can","<p>I&nbsp;was charged twice for my Team subscription this month, can you refund one????</p><br>--<br>Maria Garcia<br>Account Manager, Acme Corp<br><a href=""mailto:user1021@example.com"">user1021@example.com</a>",billing,2026-05-22,user1021@example.com,We've refunded the duplicate charge on your Team subscription — it should show back on your card within 5-7 business days.
1218,Please add a bulk-delete option for old tickets,<p>Please&nbsp;add a bulk-delete option for old tickets.!!!</p>,feature_request,2026-07-09,user1218@example.com,"We don't have bulk-delete yet, but it's been added to the backlog based on requests like yours."
1186,Please add a bulk-delete option for old tickets,<p>Please add a bulk-delete option for old tickets.!!!</p>,feature_request,2026-01-19,user1186@example.com,"We don't have bulk-delete yet, but it's been added to the backlog based on requests like yours."
1193,Could you add dark mode to the Starter dashboard?   thanks,<p>Could you add dark mode to the Starter dashboard?   thanks</p><ul><li>would save us a lot of time</li><li>several teammates asked for this too</li></ul>,feature_request,2026-05-20,user1193@example.com,"Thanks for the suggestion — dark mode isn't available yet, but it's on our roadmap and we've logged your account as interested."
1039,I NEED A COPY OF MY INVOICE FROM LAST MONTH FOR BASIC,"<p>I NEED A COPY OF <strong>MY</strong> INVOICE FROM LAST MONTH FOR BASIC.

Sent from my iPhone</p>",billing,2026-04-21,user1039@example.com,We've emailed a PDF copy of last month's Basic invoice to the address on file.
1095,Refund request: order was never delivered,"<p>Refund request: order was never <strong>delivered.

Sent</strong> from my iPhone</p><br>--<br>Omar Haddad<br>Account Manager, Acme Corp<br><a href=""mailto:user1095@example.com"">user1095@example.com</a><blockquote class=""gmail_quote"">On 2026-01-28, Priya Patel wrote:<br>How long does a refund for Basic usually take to show up?</blockquote>",refund,2026-06-25,user1095@example.com,"Since the order never arrived, we've issued a full refund rather than a replacement, per your preference."
1175,THE SEARCH BAR RETURNS NO RESULTS EVEN FOR TERMS I KNOW EXIS,<p>THE SEARCH BAR RETURNS NO RESULTS EVEN FOR TERMS I KNOW EXIST.  </p><br><br>Sent from Yahoo Mail on Android,bug,2026-03-25,user1175@example.com,Our search index had fallen out of sync. We've rebuilt it and confirmed your query now returns the expected results.
1051,Forgot password email never shows up in my inbox,<p>Forgot password email never shows up in my <strong>inbox.</strong>   thanks</p>,login,2026-05-01,user1051@example.com,Those emails were landing in spam for your provider. We've resent it and added a note to whitelist our support domain going forward.
1059,Forgot password email never shows up in my inbox,"<p>Forgot password email never shows up in my inbox.</p><br><br>Best regards,<br>Taylor Brooks<blockquote class=""gmail_quote"">On 2026-08-25, Taylor Brooks wrote:<br>Notifications stopped working after the last update.</blockquote>",login,2026-04-20,user1059@example.com,Those emails were landing in spam for your provider. We've resent it and added a note to whitelist our support domain going forward.
1209,Any plan to support single sign-on for Pro accounts?,"<p>Any plan to support <strong>single</strong> sign-on for Pro accounts?<ul><li>would save us a lot of time</li><li>several teammates asked for this too</li></ul><br>--<br>Nina Fischer<br>Account Manager, Acme Corp<br><a href=""mailto:user1209@example.com"">user1209@example.com</a>",feature_request,2026-06-20,user1209@example.com,SSO for Pro accounts is on our roadmap for a future release; we've added you to the notification list for when it ships.
1236,Shipping cost seems way higher than quoted at checkout,<p>Shipping cost seems way higher than quoted at checkout.</p>,shipping,2026-04-25,user1236@example.com,That was a checkout bug applying international rates to a domestic order. We've refunded the difference in shipping cost.
1011,"I WAS CHARGED TWICE FOR MY TEAM SUBSCRIPTION THIS MONTH, CAN","<p>I WAS CHARGED TWICE FOR MY TEAM SUBSCRIPTION THIS MONTH, CAN YOU REFUND ONE? <a href=""https://help.acme.com/tickets/8956"">more details here</a><br><br>Sent from Yahoo Mail on Android",billing,2026-07-09,user1011@example.com,We've refunded the duplicate charge on your Team subscription — it should show back on your card within 5-7 business days.
1112,HOW LONG DOES A REFUND FOR TEAM USUALLY TAKE TO SHOW UP?!!!,"<p>HOW LONG DOES A REFUND FOR TEAM USUALLY TAKE TO SHOW UP?!!! <a href=""https://help.acme.com/tickets/9802"">more details here</a><br><br>Thanks,<br>Jordan Smith<br>Sent from my iPhone",refund,2026-01-10,user1112@example.com,"Refunds for Team typically post back to your card within 5-7 business days, depending on your bank."
1037,"I was charged twice for my Team subscription this month, can","<p>I was charged twice for my Team subscription this month, can you refund one?  </p> <a href=""https://help.acme.com/tickets/5066"">more details here</a><br><br>Sent from Yahoo Mail on Android",billing,2026-07-15,user1037@example.com,We've refunded the duplicate charge on your Team subscription — it should show back on your card within 5-7 business days.
1159,THE DASHBOARD CRASHES EVERY TIME I CLICK ON THE BASIC REPORT,"<p>THE DASHBOARD CRASHES EVERY TIME I CLICK ON THE BASIC REPORT.</p><br>--<br>Liam O'Connor<br>Account Manager, Acme Corp<br><a href=""mailto:user1159@example.com"">user1159@example.com</a>",bug,2026-06-11,user1159@example.com,This was a null-pointer bug triggered specifically by Basic-tier report data. We've shipped a fix — please refresh and try again.
1113,How long does a refund for Basic usually take to show up?,<p>How long does a refund <strong>for</strong> Basic usually take to show up?   thanks</p><br><br>Sent from Yahoo Mail on Android,refund,2026-04-07,user1113@example.com,"Refunds for Basic typically post back to your card within 5-7 business days, depending on your bank."
1205,Would love a mobile app version of this tool,"<p>Would love a mobile app version of this tool.

Sent from my iPhone</p>",feature_request,2026-08-19,user1205@example.com,"A mobile app isn't in development yet, but we've logged the interest — the web dashboard is mobile-responsive in the meantime."
1210,Could you add dark mode to the Basic dashboard?,"<p>Could you add dark mode to the Basic dashboard?</p><br><br>Cheers,<br>Taylor Brooks",feature_request,2026-04-22,user1210@example.com,"Thanks for the suggestion — dark mode isn't available yet, but it's on our roadmap and we've logged your account as interested."
1157,Notifications stopped working after the last update,"<p>Notifications stopped working after the last update.  </p> <a href=""https://help.acme.com/tickets/7718"">more details here</a><br><br>Cheers,<br>Grace Kim",bug,2026-06-01,user1157@example.com,The last release accidentally disabled notification delivery for some accounts. We've re-enabled it for yours — you should start receiving them again.
1089,Two factor authentication code never arrives on my phone,<p>Two&nbsp;factor authentication <strong>code</strong> never arrives on my phone.   thanks</p>,login,2026-02-05,user1089@example.com,"Your account's SMS provider was flagging our messages as spam. We've switched your account to authenticator-app based 2FA, which doesn't rely on SMS."
1043,I WAS CHARGED TWICE FOR MY ENTERPRISE SUBSCRIPTION THIS MONT,"<p>I WAS CHARGED TWICE FOR MY ENTERPRISE SUBSCRIPTION THIS MONTH, CAN YOU REFUND ONE?!!!</p><br>--<br>Alex Chen<br>Account Manager, Acme Corp<br><a href=""mailto:user1043@example.com"">user1043@example.com</a>",billing,2026-01-07,user1043@example.com,We've refunded the duplicate charge on your Enterprise subscription — it should show back on your card within 5-7 business days.
1078,TWO FACTOR AUTHENTICATION CODE NEVER ARRIVES ON MY PHONE,"<p>TWO FACTOR AUTHENTICATION CODE NEVER ARRIVES ON MY PHONE.  </p><br>--<br>Omar Haddad<br>Account Manager, Acme Corp<br><a href=""mailto:user1078@example.com"">user1078@example.com</a>",login,2026-01-11,user1078@example.com,"Your account's SMS provider was flagging our messages as spam. We've switched your account to authenticator-app based 2FA, which doesn't rely on SMS."
1197,Could you add dark mode to the Team dashboard?   thanks,"<p>Could you add dark mode to the Team dashboard?   thanks</p><ul><li>would save us a lot of time</li><li>several teammates asked for this too</li></ul><br><br>Thanks,<br>Nina Fischer<br>Sent from my iPhone<blockquote class=""gmail_quote"">On 2026-07-25, Taylor Brooks wrote:<br>Any plan to support single sign-on for Basic accounts?</blockquote>",feature_request,2026-03-16,user1197@example.com,"Thanks for the suggestion — dark mode isn't available yet, but it's on our roadmap and we've logged your account as interested."
1006,I need a copy of my invoice from last month for Pro,"<p>I need a copy of my invoice from last month for Pro.

Sent from my iPhone</p> <a href=""https://help.acme.com/tickets/5889"">more details here</a>",billing,2026-03-18,user1006@example.com,We've emailed a PDF copy of last month's Pro invoice to the address on file.
1167,THE DASHBOARD CRASHES EVERY TIME I CLICK ON THE PRO REPORT,"<p>THE DASHBOARD CRASHES EVERY <strong>TIME</strong> I CLICK ON THE PRO REPORT.

Sent from my iPhone</p> <a href=""https://help.acme.com/tickets/6301"">more details here</a><br><br>Thanks,<br>Liam O'Connor<br>Sent from my iPhone",bug,2026-06-03,user1167@example.com,This was a null-pointer bug triggered specifically by Pro-tier report data. We've shipped a fix — please refresh and try again.
1152,The search bar returns no results even for terms I know exis,"<p>The search bar returns no results even for terms I know exist.

Sent from my iPhone</p>",bug,2026-02-10,user1152@example.com,Our search index had fallen out of sync. We've rebuilt it and confirmed your query now returns the expected results.
1088,"I'm stuck on the login page, it just spins and never loads","<p>I&#39;m stuck on the login page, it just spins and never loads.

Sent from my iPhone</p>",login,2026-04-26,user1088@example.com,This was a caching issue on our end after a recent deploy. It's fixed — please do a hard refresh (Ctrl/Cmd+Shift+R) and it should load normally.
1164,"Export to CSV is broken, the file downloads empty","<p>Export to CSV is <strong>broken,</strong> the file downloads empty.!!!</p><br><br>Best regards,<br>Liam O'Connor",bug,2026-04-21,user1164@example.com,A recent change broke CSV export for accounts with more than 10k rows. That's fixed now; exports should include all rows again.
1097,REFUND REQUEST: ORDER WAS NEVER DELIVERED,"<p>REFUND REQUEST: <strong>ORDER</strong> WAS NEVER DELIVERED.!!!</p><blockquote class=""gmail_quote"">On 2026-03-13, Liam O'Connor wrote:<br>It would help a lot if we could export reports to Excel, not just CSV.</blockquote>",refund,2026-06-17,user1097@example.com,"Since the order never arrived, we've issued a full refund rather than a replacement, per your preference."
1178,"Export to CSV is broken, the file downloads empty","<style>.x{color:red}</style><p>Export to CSV is broken, the file downloads empty.</p><br><br>Sent from Yahoo Mail on Android",bug,2026-07-04,user1178@example.com,A recent change broke CSV export for accounts with more than 10k rows. That's fixed now; exports should include all rows again.
1187,Would love a mobile app version of this tool,"<p>Would love a mobile app version of this tool.   thanks</p><br><br>Best regards,<br>Taylor Brooks",feature_request,2026-03-22,user1187@example.com,"A mobile app isn't in development yet, but we've logged the interest — the web dashboard is mobile-responsive in the meantime."
1216,Could you add dark mode to the Starter dashboard?,<p>Could you add dark mode to the <strong>Starter</strong> dashboard?</p>,feature_request,2026-05-07,user1216@example.com,"Thanks for the suggestion — dark mode isn't available yet, but it's on our roadmap and we've logged your account as interested."
1211,PLEASE ADD A BULK-DELETE OPTION FOR OLD TICKETS,"<p>PLEASE ADD A BULK-DELETE OPTION FOR OLD TICKETS.!!! <a href=""https://help.acme.com/tickets/6668"">more details here</a><br><br>Cheers,<br>Omar Haddad",feature_request,2026-06-13,user1211@example.com,"We don't have bulk-delete yet, but it's been added to the backlog based on requests like yours."
1057,Two factor authentication code never arrives on my phone,"<p>Two factor authentication code never arrives on my phone.

Sent from my iPhone</p><br>--<br>Alex Chen<br>Account Manager, Acme Corp<br><a href=""mailto:user1057@example.com"">user1057@example.com</a><blockquote class=""gmail_quote"">On 2026-07-09, Maria Garcia wrote:<br>Wrong item was shipped, I ordered the Basic kit not the basic one.</blockquote>",login,2026-08-03,user1057@example.com,"Your account's SMS provider was flagging our messages as spam. We've switched your account to authenticator-app based 2FA, which doesn't rely on SMS."
1045,"I'm stuck on the login page, it just spins and never loads","<style>.x{color:red}</style><p>I&#39;m&nbsp;stuck on the login page, it just spins and never loads.!!!</p> <a href=""https://help.acme.com/tickets/7798"">more details here</a><br><br>Cheers,<br>Grace Kim",login,2026-08-28,user1045@example.com,This was a caching issue on our end after a recent deploy. It's fixed — please do a hard refresh (Ctrl/Cmd+Shift+R) and it should load normally.
1165,Notifications stopped working after the last update,"<p>Notifications stopped working after the last update.

Sent from my iPhone</p> <a href=""https://help.acme.com/tickets/6224"">more details here</a><blockquote class=""gmail_quote"">On 2026-04-06, Priya Patel wrote:<br>I want a refund for Team, it doesn't do what I need.</blockquote>",bug,2026-01-25,user1165@example.com,The last release accidentally disabled notification delivery for some accounts. We've re-enabled it for yours — you should start receiving them again.
1220,Would love a mobile app version of this tool,<p>Would&nbsp;love a mobile app version of this tool.!!!</p>,feature_request,2026-02-13,user1220@example.com,"A mobile app isn't in development yet, but we've logged the interest — the web dashboard is mobile-responsive in the meantime."
1136,Getting a 500 error when I try to upload a file larger than,"<p>Getting a 500 error when I try to upload a file larger than 10MB.

Sent from my iPhone</p>",bug,2026-04-15,user1136@example.com,We've raised the upload size limit to 50MB and fixed the error handling so it fails gracefully with a clear message if a file is still too large.
1036,MY INVOICE SHOWS A CHARGE FOR ENTERPRISE BUT I CANCELLED LAS,"<p>MY INVOICE <strong>SHOWS</strong> A CHARGE FOR ENTERPRISE BUT I CANCELLED LAST WEEK.!!!</p><br><br>Sent from Yahoo Mail on Android<blockquote class=""gmail_quote"">On 2026-08-11, Jordan Smith wrote:<br>The discount code I used didn't apply to my Enterprise order.</blockquote>",billing,2026-08-04,user1036@example.com,"Your Enterprise cancellation had already gone through, but the invoice was generated just before it processed. We've voided that charge and confirmed the subscription is cancelled."
1124,"PLEASE PROCESS A REFUND, I CANCELLED WITHIN THE TRIAL PERIOD","<p>PLEASE&nbsp;PROCESS A REFUND, I CANCELLED WITHIN THE TRIAL PERIOD.

Sent from my iPhone</p><br><br>Thanks,<br>Grace Kim<br>Sent from my iPhone",refund,2026-07-03,user1124@example.com,"Confirmed you cancelled inside the trial window, so this is a full refund. It's been processed and should post within a few business days."
1126,I was told I'd get a refund two weeks ago and still nothing,<p>I was told I&#39;d get a refund two weeks ago and still nothing.???</p>,refund,2026-07-03,user1126@example.com,We found the refund was stuck in a failed retry on our payment processor's side. It's been resubmitted and should post within 3 business days — sorry for the delay.
1268,"My order for Enterprise hardware hasn't arrived, tracking ha","<p>My order for Enterprise hardware hasn&#39;t arrived, tracking hasn&#39;t updated in 5 days.  </p><br><br>Cheers,<br>Liam O'Connor<blockquote class=""gmail_quote"">On 2026-04-05, Alex Chen wrote:<br>Would love a mobile app version of this tool.</blockquote>",shipping,2026-08-25,user1268@example.com,The carrier lost tracking updates in transit; we've confirmed the package is moving again and it's now scheduled to arrive within 2 days.
1100,"Please process a refund, I cancelled within the trial period","<p>Please process a refund, I cancelled within the trial period.   thanks</p>",refund,2026-08-18,user1100@example.com,"Confirmed you cancelled inside the trial window, so this is a full refund. It's been processed and should post within a few business days."
1202,Would love a mobile app version of this tool,"<p>Would&nbsp;love a mobile app version <strong>of</strong> this tool.???</p><ul><li>would save us a lot of time</li><li>several teammates asked for this too</li></ul><br><br>Thanks,<br>Nina Fischer<br>Sent from my iPhone",feature_request,2026-02-25,user1202@example.com,"A mobile app isn't in development yet, but we've logged the interest — the web dashboard is mobile-responsive in the meantime."
1249,"My order for Enterprise hardware hasn't arrived, tracking ha","<p>My order for Enterprise hardware hasn&#39;t arrived, tracking hasn&#39;t updated in 5 days.

Sent from my iPhone</p><br><br>Cheers,<br>Grace Kim",shipping,2026-07-17,user1249@example.com,The carrier lost tracking updates in transit; we've confirmed the package is moving again and it's now scheduled to arrive within 2 days.
1101,Refund request: order was never delivered,"<p>Refund request: order was never delivered.  </p><br>--<br>Sam Lee<br>Account Manager, Acme Corp<br><a href=""mailto:user1101@example.com"">user1101@example.com</a>",refund,2026-08-12,user1101@example.com,"Since the order never arrived, we've issued a full refund rather than a replacement, per your preference."
1246,"Package arrived damaged, need a replacement","<p>Package arrived <strong>damaged,</strong> need a replacement.</p>",shipping,2026-06-24,user1246@example.com,"Sorry about that — we've shipped a free replacement with expedited shipping, no need to return the damaged item."
1069,"I CAN'T LOG IN, IT KEEPS SAYING MY PASSWORD IS INCORRECT EVE","<p>I CAN&#39;T LOG IN, IT KEEPS SAYING MY PASSWORD IS INCORRECT EVEN <strong>AFTER</strong> RESET.???</p>",login,2026-06-28,user1069@example.com,"We've manually reset your password and sent a new reset link — the old link had expired, which is why the reset wasn't taking effect."
